[04-27 16:59:40.896] [info] [tid:873393] Logger initialized. file=logs/app.log level=debug
[04-27 16:59:40.899] [info] [tid:873393] SYS INIT SUCCCESS !!!
[04-27 16:59:40.900] [info] [tid:873393] Open video rtsp://123:123@22.10.54.60:8555/live21 ...
[04-27 16:59:40.900] [info] [tid:873393] Set parameters for rtsp://123:123@22.10.54.60:8555/live21
[04-27 16:59:40.900] [info] [tid:873393] Set parameters for rtsp://123:123@22.10.54.60:8555/live21 end
[04-27 16:59:41.915] [info] [tid:873393] Video rtsp://123:123@22.10.54.60:8555/live21, type 27, profile 100, width:1920, height:1080, fps:25
[04-27 16:59:41.915] [info] [tid:873393] Create IVPS GRP 0
[04-27 16:59:41.981] [info] [tid:873401] IVPS Create Success! GRP: 0
[04-27 16:59:45.300] [info] [tid:873402] Engine creating handle is done.
[04-27 16:59:45.301] [info] [tid:873402] Engine creating context is done.
[04-27 16:59:45.301] [info] [tid:873402] Engine get io info is done.
[04-27 16:59:45.301] [info] [tid:873402] Engine alloc io is done.
[04-27 16:59:45.301] [info] [tid:873393] Wait Exit App
[04-27 16:59:45.303] [info] [tid:873435] Start ffmpeg decode video rtsp://123:123@22.10.54.60:8555/live21 ...
[04-27 16:59:45.303] [info] [tid:873435] Open video rtsp://123:123@22.10.54.60:8555/live21 ...
[04-27 16:59:45.303] [info] [tid:873435] Set parameters for rtsp://123:123@22.10.54.60:8555/live21
[04-27 16:59:45.303] [info] [tid:873435] Set parameters for rtsp://123:123@22.10.54.60:8555/live21 end
[04-27 16:59:45.309] [info] [tid:873435] Start decode frame of video rtsp://123:123@22.10.54.60:8555/live21 ...
[04-27 16:59:45.397] [error] [tid:873434] AX_VDEC_GetChnFrame FAILED VdGrp:0 VdChn:0 code:0x80080181, msg:AX_ERR_VDEC_STRM_ERROR
[04-27 16:59:45.437] [error] [tid:873434] AX_VDEC_GetChnFrame FAILED VdGrp:0 VdChn:0 code:0x80080181, msg:AX_ERR_VDEC_STRM_ERROR
[04-27 16:59:45.458] [error] [tid:873434] AX_VDEC_GetChnFrame FAILED VdGrp:0 VdChn:0 code:0x80080181, msg:AX_ERR_VDEC_STRM_ERROR
[04-27 16:59:45.529] [error] [tid:873434] AX_VDEC_GetChnFrame FAILED VdGrp:0 VdChn:0 code:0x80080181, msg:AX_ERR_VDEC_STRM_ERROR
[04-27 16:59:45.548] [error] [tid:873434] AX_VDEC_GetChnFrame FAILED VdGrp:0 VdChn:0 code:0x80080181, msg:AX_ERR_VDEC_STRM_ERROR
[04-27 16:59:45.586] [error] [tid:873434] AX_VDEC_GetChnFrame FAILED VdGrp:0 VdChn:0 code:0x80080181, msg:AX_ERR_VDEC_STRM_ERROR
[04-27 16:59:45.628] [error] [tid:873434] AX_VDEC_GetChnFrame FAILED VdGrp:0 VdChn:0 code:0x80080181, msg:AX_ERR_VDEC_STRM_ERROR
[04-27 16:59:45.700] [error] [tid:873434] AX_VDEC_GetChnFrame FAILED VdGrp:0 VdChn:0 code:0x80080181, msg:AX_ERR_VDEC_STRM_ERROR
[04-27 16:59:45.717] [error] [tid:873434] AX_VDEC_GetChnFrame FAILED VdGrp:0 VdChn:0 code:0x80080181, msg:AX_ERR_VDEC_STRM_ERROR
[04-27 16:59:45.755] [error] [tid:873434] AX_VDEC_GetChnFrame FAILED VdGrp:0 VdChn:0 code:0x80080181, msg:AX_ERR_VDEC_STRM_ERROR
[04-27 16:59:45.777] [error] [tid:873434] AX_VDEC_GetChnFrame FAILED VdGrp:0 VdChn:0 code:0x80080181, msg:AX_ERR_VDEC_STRM_ERROR
[04-27 16:59:45.855] [error] [tid:873434] AX_VDEC_GetChnFrame FAILED VdGrp:0 VdChn:0 code:0x80080181, msg:AX_ERR_VDEC_STRM_ERROR
[04-27 16:59:45.866] [error] [tid:873434] AX_VDEC_GetChnFrame FAILED VdGrp:0 VdChn:0 code:0x80080181, msg:AX_ERR_VDEC_STRM_ERROR
[04-27 16:59:45.906] [error] [tid:873434] AX_VDEC_GetChnFrame FAILED VdGrp:0 VdChn:0 code:0x80080181, msg:AX_ERR_VDEC_STRM_ERROR
[04-27 16:59:45.948] [error] [tid:873434] AX_VDEC_GetChnFrame FAILED VdGrp:0 VdChn:0 code:0x80080181, msg:AX_ERR_VDEC_STRM_ERROR
[04-27 16:59:46.017] [error] [tid:873434] AX_VDEC_GetChnFrame FAILED VdGrp:0 VdChn:0 code:0x80080181, msg:AX_ERR_VDEC_STRM_ERROR
[04-27 16:59:46.036] [error] [tid:873434] AX_VDEC_GetChnFrame FAILED VdGrp:0 VdChn:0 code:0x80080181, msg:AX_ERR_VDEC_STRM_ERROR
[04-27 16:59:46.074] [error] [tid:873434] AX_VDEC_GetChnFrame FAILED VdGrp:0 VdChn:0 code:0x80080181, msg:AX_ERR_VDEC_STRM_ERROR
[04-27 16:59:46.096] [error] [tid:873434] AX_VDEC_GetChnFrame FAILED VdGrp:0 VdChn:0 code:0x80080181, msg:AX_ERR_VDEC_STRM_ERROR
[04-27 16:59:46.169] [error] [tid:873434] AX_VDEC_GetChnFrame FAILED VdGrp:0 VdChn:0 code:0x80080181, msg:AX_ERR_VDEC_STRM_ERROR
[04-27 16:59:46.183] [error] [tid:873434] AX_VDEC_GetChnFrame FAILED VdGrp:0 VdChn:0 code:0x80080181, msg:AX_ERR_VDEC_STRM_ERROR
[04-27 16:59:46.222] [error] [tid:873434] AX_VDEC_GetChnFrame FAILED VdGrp:0 VdChn:0 code:0x80080181, msg:AX_ERR_VDEC_STRM_ERROR
[04-27 16:59:46.265] [error] [tid:873434] AX_VDEC_GetChnFrame FAILED VdGrp:0 VdChn:0 code:0x80080181, msg:AX_ERR_VDEC_STRM_ERROR
[04-27 16:59:46.337] [error] [tid:873434] AX_VDEC_GetChnFrame FAILED VdGrp:0 VdChn:0 code:0x80080181, msg:AX_ERR_VDEC_STRM_ERROR
[04-27 16:59:46.352] [error] [tid:873434] AX_VDEC_GetChnFrame FAILED VdGrp:0 VdChn:0 code:0x80080181, msg:AX_ERR_VDEC_STRM_ERROR
[04-27 16:59:46.391] [error] [tid:873434] AX_VDEC_GetChnFrame FAILED VdGrp:0 VdChn:0 code:0x80080181, msg:AX_ERR_VDEC_STRM_ERROR
[04-27 16:59:46.413] [error] [tid:873434] AX_VDEC_GetChnFrame FAILED VdGrp:0 VdChn:0 code:0x80080181, msg:AX_ERR_VDEC_STRM_ERROR
[04-27 16:59:46.485] [error] [tid:873434] AX_VDEC_GetChnFrame FAILED VdGrp:0 VdChn:0 code:0x80080181, msg:AX_ERR_VDEC_STRM_ERROR
[04-27 16:59:46.501] [error] [tid:873434] AX_VDEC_GetChnFrame FAILED VdGrp:0 VdChn:0 code:0x80080181, msg:AX_ERR_VDEC_STRM_ERROR
[04-27 16:59:46.542] [error] [tid:873434] AX_VDEC_GetChnFrame FAILED VdGrp:0 VdChn:0 code:0x80080181, msg:AX_ERR_VDEC_STRM_ERROR
[04-27 16:59:46.583] [error] [tid:873434] AX_VDEC_GetChnFrame FAILED VdGrp:0 VdChn:0 code:0x80080181, msg:AX_ERR_VDEC_STRM_ERROR
[04-27 16:59:46.644] [error] [tid:873434] AX_VDEC_GetChnFrame FAILED VdGrp:0 VdChn:0 code:0x80080181, msg:AX_ERR_VDEC_STRM_ERROR
[04-27 16:59:46.669] [error] [tid:873434] AX_VDEC_GetChnFrame FAILED VdGrp:0 VdChn:0 code:0x80080181, msg:AX_ERR_VDEC_STRM_ERROR
[04-27 16:59:46.707] [error] [tid:873434] AX_VDEC_GetChnFrame FAILED VdGrp:0 VdChn:0 code:0x80080181, msg:AX_ERR_VDEC_STRM_ERROR
[04-27 16:59:46.731] [error] [tid:873434] AX_VDEC_GetChnFrame FAILED VdGrp:0 VdChn:0 code:0x80080181, msg:AX_ERR_VDEC_STRM_ERROR
[04-27 16:59:46.795] [error] [tid:873434] AX_VDEC_GetChnFrame FAILED VdGrp:0 VdChn:0 code:0x80080181, msg:AX_ERR_VDEC_STRM_ERROR
[04-27 16:59:46.820] [error] [tid:873434] AX_VDEC_GetChnFrame FAILED VdGrp:0 VdChn:0 code:0x80080181, msg:AX_ERR_VDEC_STRM_ERROR
[04-27 16:59:46.858] [error] [tid:873434] AX_VDEC_GetChnFrame FAILED VdGrp:0 VdChn:0 code:0x80080181, msg:AX_ERR_VDEC_STRM_ERROR
[04-27 16:59:46.901] [error] [tid:873434] AX_VDEC_GetChnFrame FAILED VdGrp:0 VdChn:0 code:0x80080181, msg:AX_ERR_VDEC_STRM_ERROR
[04-27 16:59:47.031] [error] [tid:873434] AX_VDEC_GetChnFrame FAILED VdGrp:0 VdChn:0 code:0x80080181, msg:AX_ERR_VDEC_STRM_ERROR
[04-27 16:59:47.037] [error] [tid:873434] AX_VDEC_GetChnFrame FAILED VdGrp:0 VdChn:0 code:0x80080181, msg:AX_ERR_VDEC_STRM_ERROR
[04-27 16:59:47.039] [error] [tid:873434] AX_VDEC_GetChnFrame FAILED VdGrp:0 VdChn:0 code:0x80080181, msg:AX_ERR_VDEC_STRM_ERROR
[04-27 16:59:47.050] [error] [tid:873434] AX_VDEC_GetChnFrame FAILED VdGrp:0 VdChn:0 code:0x80080181, msg:AX_ERR_VDEC_STRM_ERROR
[04-27 16:59:47.124] [error] [tid:873434] AX_VDEC_GetChnFrame FAILED VdGrp:0 VdChn:0 code:0x80080181, msg:AX_ERR_VDEC_STRM_ERROR
[04-27 16:59:47.136] [error] [tid:873434] AX_VDEC_GetChnFrame FAILED VdGrp:0 VdChn:0 code:0x80080181, msg:AX_ERR_VDEC_STRM_ERROR
[04-27 16:59:47.176] [error] [tid:873434] AX_VDEC_GetChnFrame FAILED VdGrp:0 VdChn:0 code:0x80080181, msg:AX_ERR_VDEC_STRM_ERROR
[04-27 16:59:47.246] [error] [tid:873434] AX_VDEC_GetChnFrame FAILED VdGrp:0 VdChn:0 code:0x80080181, msg:AX_ERR_VDEC_STRM_ERROR
[04-27 16:59:47.264] [error] [tid:873434] AX_VDEC_GetChnFrame FAILED VdGrp:0 VdChn:0 code:0x80080181, msg:AX_ERR_VDEC_STRM_ERROR
[04-27 16:59:47.314] [error] [tid:873434] AX_VDEC_GetChnFrame FAILED VdGrp:0 VdChn:0 code:0x80080181, msg:AX_ERR_VDEC_STRM_ERROR
[04-27 16:59:47.356] [error] [tid:873434] AX_VDEC_GetChnFrame FAILED VdGrp:0 VdChn:0 code:0x80080181, msg:AX_ERR_VDEC_STRM_ERROR
[04-27 16:59:47.401] [error] [tid:873434] AX_VDEC_GetChnFrame FAILED VdGrp:0 VdChn:0 code:0x80080181, msg:AX_ERR_VDEC_STRM_ERROR
[04-27 16:59:47.421] [error] [tid:873434] AX_VDEC_GetChnFrame FAILED VdGrp:0 VdChn:0 code:0x80080181, msg:AX_ERR_VDEC_STRM_ERROR
[04-27 16:59:47.461] [error] [tid:873434] AX_VDEC_GetChnFrame FAILED VdGrp:0 VdChn:0 code:0x80080181, msg:AX_ERR_VDEC_STRM_ERROR
[04-27 16:59:47.504] [error] [tid:873434] AX_VDEC_GetChnFrame FAILED VdGrp:0 VdChn:0 code:0x80080181, msg:AX_ERR_VDEC_STRM_ERROR
[04-27 16:59:47.575] [error] [tid:873434] AX_VDEC_GetChnFrame FAILED VdGrp:0 VdChn:0 code:0x80080181, msg:AX_ERR_VDEC_STRM_ERROR
[04-27 16:59:47.593] [error] [tid:873434] AX_VDEC_GetChnFrame FAILED VdGrp:0 VdChn:0 code:0x80080181, msg:AX_ERR_VDEC_STRM_ERROR
[04-27 16:59:47.631] [error] [tid:873434] AX_VDEC_GetChnFrame FAILED VdGrp:0 VdChn:0 code:0x80080181, msg:AX_ERR_VDEC_STRM_ERROR
[04-27 16:59:47.674] [error] [tid:873434] AX_VDEC_GetChnFrame FAILED VdGrp:0 VdChn:0 code:0x80080181, msg:AX_ERR_VDEC_STRM_ERROR
[04-27 16:59:47.719] [error] [tid:873434] AX_VDEC_GetChnFrame FAILED VdGrp:0 VdChn:0 code:0x80080181, msg:AX_ERR_VDEC_STRM_ERROR
[04-27 16:59:47.740] [error] [tid:873434] AX_VDEC_GetChnFrame FAILED VdGrp:0 VdChn:0 code:0x80080181, msg:AX_ERR_VDEC_STRM_ERROR
[04-27 16:59:47.780] [error] [tid:873434] AX_VDEC_GetChnFrame FAILED VdGrp:0 VdChn:0 code:0x80080181, msg:AX_ERR_VDEC_STRM_ERROR
[04-27 16:59:47.822] [error] [tid:873434] AX_VDEC_GetChnFrame FAILED VdGrp:0 VdChn:0 code:0x80080181, msg:AX_ERR_VDEC_STRM_ERROR
[04-27 16:59:47.889] [error] [tid:873434] AX_VDEC_GetChnFrame FAILED VdGrp:0 VdChn:0 code:0x80080181, msg:AX_ERR_VDEC_STRM_ERROR
[04-27 16:59:47.910] [error] [tid:873434] AX_VDEC_GetChnFrame FAILED VdGrp:0 VdChn:0 code:0x80080181, msg:AX_ERR_VDEC_STRM_ERROR
[04-27 16:59:47.949] [error] [tid:873434] AX_VDEC_GetChnFrame FAILED VdGrp:0 VdChn:0 code:0x80080181, msg:AX_ERR_VDEC_STRM_ERROR
[04-27 16:59:47.992] [error] [tid:873434] AX_VDEC_GetChnFrame FAILED VdGrp:0 VdChn:0 code:0x80080181, msg:AX_ERR_VDEC_STRM_ERROR
[04-27 16:59:48.039] [error] [tid:873434] AX_VDEC_GetChnFrame FAILED VdGrp:0 VdChn:0 code:0x80080181, msg:AX_ERR_VDEC_STRM_ERROR
[04-27 16:59:48.059] [error] [tid:873434] AX_VDEC_GetChnFrame FAILED VdGrp:0 VdChn:0 code:0x80080181, msg:AX_ERR_VDEC_STRM_ERROR
[04-27 16:59:48.099] [error] [tid:873434] AX_VDEC_GetChnFrame FAILED VdGrp:0 VdChn:0 code:0x80080181, msg:AX_ERR_VDEC_STRM_ERROR
[04-27 16:59:48.142] [error] [tid:873434] AX_VDEC_GetChnFrame FAILED VdGrp:0 VdChn:0 code:0x80080181, msg:AX_ERR_VDEC_STRM_ERROR
[04-27 16:59:48.208] [error] [tid:873434] AX_VDEC_GetChnFrame FAILED VdGrp:0 VdChn:0 code:0x80080181, msg:AX_ERR_VDEC_STRM_ERROR
[04-27 16:59:48.230] [error] [tid:873434] AX_VDEC_GetChnFrame FAILED VdGrp:0 VdChn:0 code:0x80080181, msg:AX_ERR_VDEC_STRM_ERROR
[04-27 16:59:48.270] [error] [tid:873434] AX_VDEC_GetChnFrame FAILED VdGrp:0 VdChn:0 code:0x80080181, msg:AX_ERR_VDEC_STRM_ERROR
[04-27 16:59:48.312] [error] [tid:873434] AX_VDEC_GetChnFrame FAILED VdGrp:0 VdChn:0 code:0x80080181, msg:AX_ERR_VDEC_STRM_ERROR
[04-27 16:59:48.358] [error] [tid:873434] AX_VDEC_GetChnFrame FAILED VdGrp:0 VdChn:0 code:0x80080181, msg:AX_ERR_VDEC_STRM_ERROR
[04-27 16:59:48.379] [error] [tid:873434] AX_VDEC_GetChnFrame FAILED VdGrp:0 VdChn:0 code:0x80080181, msg:AX_ERR_VDEC_STRM_ERROR
[04-27 16:59:48.419] [error] [tid:873434] AX_VDEC_GetChnFrame FAILED VdGrp:0 VdChn:0 code:0x80080181, msg:AX_ERR_VDEC_STRM_ERROR
[04-27 16:59:48.461] [error] [tid:873434] AX_VDEC_GetChnFrame FAILED VdGrp:0 VdChn:0 code:0x80080181, msg:AX_ERR_VDEC_STRM_ERROR
[04-27 16:59:48.526] [error] [tid:873434] AX_VDEC_GetChnFrame FAILED VdGrp:0 VdChn:0 code:0x80080181, msg:AX_ERR_VDEC_STRM_ERROR
[04-27 16:59:48.548] [error] [tid:873434] AX_VDEC_GetChnFrame FAILED VdGrp:0 VdChn:0 code:0x80080181, msg:AX_ERR_VDEC_STRM_ERROR
[04-27 16:59:48.589] [error] [tid:873434] AX_VDEC_GetChnFrame FAILED VdGrp:0 VdChn:0 code:0x80080181, msg:AX_ERR_VDEC_STRM_ERROR
[04-27 16:59:48.631] [error] [tid:873434] AX_VDEC_GetChnFrame FAILED VdGrp:0 VdChn:0 code:0x80080181, msg:AX_ERR_VDEC_STRM_ERROR
[04-27 16:59:48.672] [error] [tid:873434] AX_VDEC_GetChnFrame FAILED VdGrp:0 VdChn:0 code:0x80080181, msg:AX_ERR_VDEC_STRM_ERROR
[04-27 16:59:48.697] [error] [tid:873434] AX_VDEC_GetChnFrame FAILED VdGrp:0 VdChn:0 code:0x80080181, msg:AX_ERR_VDEC_STRM_ERROR
[04-27 16:59:48.737] [error] [tid:873434] AX_VDEC_GetChnFrame FAILED VdGrp:0 VdChn:0 code:0x80080181, msg:AX_ERR_VDEC_STRM_ERROR
[04-27 16:59:48.780] [error] [tid:873434] AX_VDEC_GetChnFrame FAILED VdGrp:0 VdChn:0 code:0x80080181, msg:AX_ERR_VDEC_STRM_ERROR
[04-27 16:59:48.902] [error] [tid:873434] AX_VDEC_GetChnFrame FAILED VdGrp:0 VdChn:0 code:0x80080181, msg:AX_ERR_VDEC_STRM_ERROR
[04-27 16:59:48.909] [error] [tid:873434] AX_VDEC_GetChnFrame FAILED VdGrp:0 VdChn:0 code:0x80080181, msg:AX_ERR_VDEC_STRM_ERROR
[04-27 16:59:48.913] [error] [tid:873434] AX_VDEC_GetChnFrame FAILED VdGrp:0 VdChn:0 code:0x80080181, msg:AX_ERR_VDEC_STRM_ERROR
[04-27 16:59:48.951] [error] [tid:873434] AX_VDEC_GetChnFrame FAILED VdGrp:0 VdChn:0 code:0x80080181, msg:AX_ERR_VDEC_STRM_ERROR
[04-27 16:59:48.999] [error] [tid:873434] AX_VDEC_GetChnFrame FAILED VdGrp:0 VdChn:0 code:0x80080181, msg:AX_ERR_VDEC_STRM_ERROR
[04-27 16:59:49.016] [error] [tid:873434] AX_VDEC_GetChnFrame FAILED VdGrp:0 VdChn:0 code:0x80080181, msg:AX_ERR_VDEC_STRM_ERROR
[04-27 16:59:49.056] [error] [tid:873434] AX_VDEC_GetChnFrame FAILED VdGrp:0 VdChn:0 code:0x80080181, msg:AX_ERR_VDEC_STRM_ERROR
[04-27 16:59:49.099] [error] [tid:873434] AX_VDEC_GetChnFrame FAILED VdGrp:0 VdChn:0 code:0x80080181, msg:AX_ERR_VDEC_STRM_ERROR
[04-27 16:59:49.166] [error] [tid:873434] AX_VDEC_GetChnFrame FAILED VdGrp:0 VdChn:0 code:0x80080181, msg:AX_ERR_VDEC_STRM_ERROR
[04-27 16:59:49.186] [error] [tid:873434] AX_VDEC_GetChnFrame FAILED VdGrp:0 VdChn:0 code:0x80080181, msg:AX_ERR_VDEC_STRM_ERROR
[04-27 16:59:49.226] [error] [tid:873434] AX_VDEC_GetChnFrame FAILED VdGrp:0 VdChn:0 code:0x80080181, msg:AX_ERR_VDEC_STRM_ERROR
[04-27 16:59:49.268] [error] [tid:873434] AX_VDEC_GetChnFrame FAILED VdGrp:0 VdChn:0 code:0x80080181, msg:AX_ERR_VDEC_STRM_ERROR
[04-27 16:59:49.295] [error] [tid:873434] AX_VDEC_GetChnFrame FAILED VdGrp:0 VdChn:0 code:0x80080181, msg:AX_ERR_VDEC_STRM_ERROR
[04-27 16:59:49.333] [error] [tid:873434] AX_VDEC_GetChnFrame FAILED VdGrp:0 VdChn:0 code:0x80080181, msg:AX_ERR_VDEC_STRM_ERROR
[04-27 16:59:49.374] [error] [tid:873434] AX_VDEC_GetChnFrame FAILED VdGrp:0 VdChn:0 code:0x80080181, msg:AX_ERR_VDEC_STRM_ERROR
[04-27 16:59:49.617] [info] [tid:873403] tracker out: 0
[04-27 16:59:49.630] [info] [tid:873403] tracker out: 0
[04-27 16:59:49.642] [info] [tid:873403] tracker out: 5
[04-27 16:59:49.658] [info] [tid:873403] tracker out: 5
[04-27 16:59:49.771] [info] [tid:873403] tracker out: 5
[04-27 16:59:49.785] [info] [tid:873403] tracker out: 5
[04-27 16:59:49.821] [info] [tid:873403] tracker out: 5
[04-27 16:59:49.835] [info] [tid:873403] tracker out: 5
[04-27 16:59:49.937] [info] [tid:873403] tracker out: 5
[04-27 16:59:49.951] [info] [tid:873403] tracker out: 5
[04-27 16:59:49.954] [info] [tid:873403] tracker out: 5
[04-27 16:59:49.968] [info] [tid:873403] tracker out: 7
[04-27 16:59:50.092] [info] [tid:873403] tracker out: 7
[04-27 16:59:50.095] [info] [tid:873403] tracker out: 7
[04-27 16:59:50.131] [info] [tid:873403] tracker out: 7
[04-27 16:59:50.134] [info] [tid:873403] tracker out: 7
[04-27 16:59:50.258] [info] [tid:873403] tracker out: 7
[04-27 16:59:50.261] [info] [tid:873403] tracker out: 7
[04-27 16:59:50.286] [info] [tid:873403] tracker out: 7
[04-27 16:59:50.289] [info] [tid:873403] tracker out: 7
[04-27 16:59:50.413] [info] [tid:873403] tracker out: 7
[04-27 16:59:50.416] [info] [tid:873403] tracker out: 7
[04-27 16:59:50.441] [info] [tid:873403] tracker out: 7
[04-27 16:59:50.455] [info] [tid:873403] tracker out: 7
[04-27 16:59:50.590] [info] [tid:873403] tracker out: 7
[04-27 16:59:50.604] [info] [tid:873403] tracker out: 7
[04-27 16:59:50.607] [info] [tid:873403] tracker out: 6
[04-27 16:59:50.621] [info] [tid:873403] tracker out: 6
[04-27 16:59:50.734] [info] [tid:873403] tracker out: 6
[04-27 16:59:50.748] [info] [tid:873403] tracker out: 6
[04-27 16:59:50.773] [info] [tid:873403] tracker out: 6
[04-27 16:59:50.787] [info] [tid:873403] tracker out: 6
[04-27 16:59:50.900] [info] [tid:873403] tracker out: 6
[04-27 16:59:50.914] [info] [tid:873403] tracker out: 6
[04-27 16:59:50.939] [info] [tid:873403] tracker out: 7
[04-27 16:59:50.942] [info] [tid:873403] tracker out: 7
[04-27 16:59:51.066] [info] [tid:873403] tracker out: 7
[04-27 16:59:51.069] [info] [tid:873403] tracker out: 7
[04-27 16:59:51.094] [info] [tid:873403] tracker out: 7
[04-27 16:59:51.097] [info] [tid:873403] tracker out: 6
[04-27 16:59:51.232] [info] [tid:873403] tracker out: 6
[04-27 16:59:51.235] [info] [tid:873403] tracker out: 6
[04-27 16:59:51.249] [info] [tid:873403] tracker out: 6
[04-27 16:59:51.252] [info] [tid:873403] tracker out: 6
[04-27 16:59:51.376] [info] [tid:873403] tracker out: 6
[04-27 16:59:51.379] [info] [tid:873403] tracker out: 6
[04-27 16:59:51.415] [info] [tid:873403] tracker out: 6
[04-27 16:59:51.429] [info] [tid:873403] tracker out: 6
[04-27 16:59:51.542] [info] [tid:873403] tracker out: 7
[04-27 16:59:51.556] [info] [tid:873403] tracker out: 7
[04-27 16:59:51.559] [info] [tid:873403] tracker out: 7
[04-27 16:59:51.573] [info] [tid:873403] tracker out: 7
[04-27 16:59:51.697] [info] [tid:873403] tracker out: 7
[04-27 16:59:51.711] [info] [tid:873403] tracker out: 7
[04-27 16:59:51.725] [info] [tid:873403] tracker out: 7
[04-27 16:59:51.739] [info] [tid:873403] tracker out: 7
[04-27 16:59:51.852] [info] [tid:873403] tracker out: 7
[04-27 16:59:51.866] [info] [tid:873403] tracker out: 7
[04-27 16:59:51.891] [info] [tid:873403] tracker out: 7
[04-27 16:59:51.894] [info] [tid:873403] tracker out: 7
[04-27 16:59:52.018] [info] [tid:873403] tracker out: 7
[04-27 16:59:52.021] [info] [tid:873403] tracker out: 8
[04-27 16:59:52.057] [info] [tid:873403] tracker out: 8
[04-27 16:59:52.060] [info] [tid:873403] tracker out: 8
[04-27 16:59:52.184] [info] [tid:873403] tracker out: 8
[04-27 16:59:52.187] [info] [tid:873403] tracker out: 8
[04-27 16:59:52.212] [info] [tid:873403] tracker out: 8
[04-27 16:59:52.215] [info] [tid:873403] tracker out: 8
[04-27 16:59:52.339] [info] [tid:873403] tracker out: 8
[04-27 16:59:52.342] [info] [tid:873403] tracker out: 8
[04-27 16:59:52.379] [info] [tid:873403] tracker out: 8
[04-27 16:59:52.382] [info] [tid:873403] tracker out: 8
[04-27 16:59:52.506] [info] [tid:873403] tracker out: 8
[04-27 16:59:52.509] [info] [tid:873403] tracker out: 8
[04-27 16:59:52.523] [info] [tid:873403] tracker out: 7
[04-27 16:59:52.526] [info] [tid:873403] tracker out: 7
[04-27 16:59:52.650] [info] [tid:873403] tracker out: 7
[04-27 16:59:52.653] [info] [tid:873403] tracker out: 7
[04-27 16:59:52.700] [info] [tid:873403] tracker out: 7
[04-27 16:59:52.714] [info] [tid:873403] tracker out: 8
[04-27 16:59:52.816] [info] [tid:873403] tracker out: 8
[04-27 16:59:52.830] [info] [tid:873403] tracker out: 8
[04-27 16:59:52.844] [info] [tid:873403] tracker out: 8
[04-27 16:59:52.858] [info] [tid:873403] tracker out: 8
[04-27 16:59:52.971] [info] [tid:873403] tracker out: 8
[04-27 16:59:52.985] [info] [tid:873403] tracker out: 8
[04-27 16:59:53.010] [info] [tid:873403] tracker out: 8
[04-27 16:59:53.024] [info] [tid:873403] tracker out: 8
[04-27 16:59:53.137] [info] [tid:873403] tracker out: 9
[04-27 16:59:53.151] [info] [tid:873403] tracker out: 9
[04-27 16:59:53.154] [info] [tid:873403] tracker out: 9
[04-27 16:59:53.168] [info] [tid:873403] tracker out: 9
[04-27 16:59:53.282] [info] [tid:873403] tracker out: 8
[04-27 16:59:53.296] [info] [tid:873403] tracker out: 8
[04-27 16:59:53.332] [info] [tid:873403] tracker out: 8
[04-27 16:59:53.335] [info] [tid:873403] tracker out: 7
[04-27 16:59:53.459] [info] [tid:873403] tracker out: 7
[04-27 16:59:53.462] [info] [tid:873403] tracker out: 7
[04-27 16:59:53.487] [info] [tid:873403] tracker out: 7
[04-27 16:59:53.490] [info] [tid:873403] tracker out: 7
[04-27 16:59:53.614] [info] [tid:873403] tracker out: 7
[04-27 16:59:53.617] [info] [tid:873403] tracker out: 7
[04-27 16:59:53.664] [info] [tid:873403] tracker out: 7
[04-27 16:59:53.667] [info] [tid:873403] tracker out: 6
[04-27 16:59:53.780] [info] [tid:873403] tracker out: 6
[04-27 16:59:53.783] [info] [tid:873403] tracker out: 6
[04-27 16:59:53.797] [info] [tid:873403] tracker out: 6
[04-27 16:59:53.800] [info] [tid:873403] tracker out: 6
[04-27 16:59:53.935] [info] [tid:873403] tracker out: 6
[04-27 16:59:53.938] [info] [tid:873403] tracker out: 6
[04-27 16:59:53.985] [info] [tid:873403] tracker out: 6
[04-27 16:59:53.988] [info] [tid:873403] tracker out: 6
[04-27 16:59:54.112] [info] [tid:873403] tracker out: 7
[04-27 16:59:54.115] [info] [tid:873403] tracker out: 7
[04-27 16:59:54.129] [info] [tid:873403] tracker out: 7
[04-27 16:59:54.132] [info] [tid:873403] tracker out: 7
[04-27 16:59:54.267] [info] [tid:873403] tracker out: 7
[04-27 16:59:54.270] [info] [tid:873403] tracker out: 7
[04-27 16:59:54.295] [info] [tid:873403] tracker out: 8
[04-27 16:59:54.298] [info] [tid:873403] tracker out: 8
[04-27 16:59:54.422] [info] [tid:873403] tracker out: 8
[04-27 16:59:54.425] [info] [tid:873403] tracker out: 8
[04-27 16:59:54.450] [info] [tid:873403] tracker out: 8
[04-27 16:59:54.453] [info] [tid:873403] tracker out: 8
[04-27 16:59:54.577] [info] [tid:873403] tracker out: 8
[04-27 16:59:54.580] [info] [tid:873403] tracker out: 7
[04-27 16:59:54.627] [info] [tid:873403] tracker out: 7
[04-27 16:59:54.630] [info] [tid:873403] tracker out: 7
[04-27 16:59:54.743] [info] [tid:873403] tracker out: 7
[04-27 16:59:54.746] [info] [tid:873403] tracker out: 7
[04-27 16:59:54.760] [info] [tid:873403] tracker out: 7
[04-27 16:59:54.763] [info] [tid:873403] tracker out: 6
[04-27 16:59:54.887] [info] [tid:873403] tracker out: 6
[04-27 16:59:54.890] [info] [tid:873403] tracker out: 6
[04-27 16:59:54.936] [info] [tid:873403] tracker out: 6
[04-27 16:59:54.939] [info] [tid:873403] tracker out: 6
[04-27 16:59:55.063] [info] [tid:873403] tracker out: 7
[04-27 16:59:55.066] [info] [tid:873403] tracker out: 7
[04-27 16:59:55.091] [info] [tid:873403] tracker out: 7
[04-27 16:59:55.094] [info] [tid:873403] tracker out: 7
[04-27 16:59:55.207] [info] [tid:873403] tracker out: 7
[04-27 16:59:55.210] [info] [tid:873403] tracker out: 7
[04-27 16:59:55.257] [info] [tid:873403] tracker out: 6
[04-27 16:59:55.260] [info] [tid:873403] tracker out: 6
[04-27 16:59:55.373] [info] [tid:873403] tracker out: 6
[04-27 16:59:55.387] [info] [tid:873403] tracker out: 6
[04-27 16:59:55.390] [info] [tid:873403] tracker out: 6
[04-27 16:59:55.404] [info] [tid:873403] tracker out: 5
[04-27 16:59:55.528] [info] [tid:873403] tracker out: 5
[04-27 16:59:55.542] [info] [tid:873403] tracker out: 5
[04-27 16:59:55.567] [info] [tid:873403] tracker out: 5
[04-27 16:59:55.581] [info] [tid:873403] tracker out: 5
[04-27 16:59:55.694] [info] [tid:873403] tracker out: 5
[04-27 16:59:55.708] [info] [tid:873403] tracker out: 5
[04-27 16:59:55.711] [info] [tid:873403] tracker out: 5
[04-27 16:59:55.813] [info] [tid:873403] tracker out: 6
[04-27 16:59:55.816] [info] [tid:873403] tracker out: 6
[04-27 16:59:55.852] [info] [tid:873403] tracker out: 7
[04-27 16:59:55.855] [info] [tid:873403] tracker out: 7
[04-27 16:59:55.979] [info] [tid:873403] tracker out: 7
[04-27 16:59:55.993] [info] [tid:873403] tracker out: 7
[04-27 16:59:56.029] [info] [tid:873403] tracker out: 7
[04-27 16:59:56.032] [info] [tid:873403] tracker out: 7
[04-27 16:59:56.123] [info] [tid:873403] tracker out: 7
[04-27 16:59:56.137] [info] [tid:873403] tracker out: 7
[04-27 16:59:56.173] [info] [tid:873403] tracker out: 6
[04-27 16:59:56.187] [info] [tid:873403] tracker out: 6
[04-27 16:59:56.300] [info] [tid:873403] tracker out: 6
[04-27 16:59:56.314] [info] [tid:873403] tracker out: 6
[04-27 16:59:56.339] [info] [tid:873403] tracker out: 6
[04-27 16:59:56.353] [info] [tid:873403] tracker out: 6
[04-27 16:59:56.444] [info] [tid:873403] tracker out: 5
[04-27 16:59:56.458] [info] [tid:873403] tracker out: 5
[04-27 16:59:56.494] [info] [tid:873403] tracker out: 5
[04-27 16:59:56.497] [info] [tid:873403] tracker out: 5
[04-27 16:59:56.610] [info] [tid:873403] tracker out: 5
[04-27 16:59:56.613] [info] [tid:873403] tracker out: 5
[04-27 16:59:56.659] [info] [tid:873403] tracker out: 5
[04-27 16:59:56.673] [info] [tid:873403] tracker out: 5
[04-27 16:59:56.763] [info] [tid:873403] tracker out: 5
[04-27 16:59:56.777] [info] [tid:873403] tracker out: 5
[04-27 16:59:56.813] [info] [tid:873403] tracker out: 5
[04-27 16:59:56.816] [info] [tid:873403] tracker out: 5
[04-27 16:59:56.940] [info] [tid:873403] tracker out: 5
[04-27 16:59:56.943] [info] [tid:873403] tracker out: 5
[04-27 16:59:56.978] [info] [tid:873403] tracker out: 5
[04-27 16:59:56.992] [info] [tid:873403] tracker out: 5
[04-27 16:59:57.082] [info] [tid:873403] tracker out: 5
[04-27 16:59:57.096] [info] [tid:873403] tracker out: 5
[04-27 16:59:57.142] [info] [tid:873403] tracker out: 4
[04-27 16:59:57.155] [info] [tid:873403] tracker out: 4
[04-27 16:59:57.267] [info] [tid:873403] tracker out: 4
[04-27 16:59:57.280] [info] [tid:873403] tracker out: 4
[04-27 16:59:57.304] [info] [tid:873403] tracker out: 4
[04-27 16:59:57.317] [info] [tid:873403] tracker out: 4
[04-27 16:59:57.407] [info] [tid:873403] tracker out: 5
[04-27 16:59:57.420] [info] [tid:873403] tracker out: 5
[04-27 16:59:57.455] [info] [tid:873403] tracker out: 6
[04-27 16:59:57.469] [info] [tid:873403] tracker out: 6
[04-27 16:59:57.571] [info] [tid:873403] tracker out: 6
[04-27 16:59:57.585] [info] [tid:873403] tracker out: 6
[04-27 16:59:57.621] [info] [tid:873403] tracker out: 5
[04-27 16:59:57.635] [info] [tid:873403] tracker out: 5
[04-27 16:59:57.725] [info] [tid:873403] tracker out: 6
[04-27 16:59:57.739] [info] [tid:873403] tracker out: 6
[04-27 16:59:57.764] [info] [tid:873403] tracker out: 6
[04-27 16:59:57.778] [info] [tid:873403] tracker out: 6
[04-27 16:59:57.891] [info] [tid:873403] tracker out: 6
[04-27 16:59:57.905] [info] [tid:873403] tracker out: 6
[04-27 16:59:57.941] [info] [tid:873403] tracker out: 6
[04-27 16:59:57.944] [info] [tid:873403] tracker out: 6
[04-27 16:59:58.046] [info] [tid:873403] tracker out: 6
[04-27 16:59:58.049] [info] [tid:873403] tracker out: 6
[04-27 16:59:58.085] [info] [tid:873403] tracker out: 6
[04-27 16:59:58.088] [info] [tid:873403] tracker out: 6
[04-27 16:59:58.212] [info] [tid:873403] tracker out: 6
[04-27 16:59:58.215] [info] [tid:873403] tracker out: 6
[04-27 16:59:58.262] [info] [tid:873403] tracker out: 6
[04-27 16:59:58.265] [info] [tid:873403] tracker out: 6
[04-27 16:59:58.367] [info] [tid:873403] tracker out: 6
[04-27 16:59:58.370] [info] [tid:873403] tracker out: 6
[04-27 16:59:58.406] [info] [tid:873403] tracker out: 6
[04-27 16:59:58.420] [info] [tid:873403] tracker out: 6
[04-27 16:59:58.533] [info] [tid:873403] tracker out: 6
[04-27 16:59:58.547] [info] [tid:873403] tracker out: 6
[04-27 16:59:58.572] [info] [tid:873403] tracker out: 6
[04-27 16:59:58.586] [info] [tid:873403] tracker out: 6
[04-27 16:59:58.677] [info] [tid:873403] tracker out: 6
[04-27 16:59:58.691] [info] [tid:873403] tracker out: 6
[04-27 16:59:58.727] [info] [tid:873403] tracker out: 6
[04-27 16:59:58.741] [info] [tid:873403] tracker out: 6
[04-27 16:59:58.854] [info] [tid:873403] tracker out: 6
[04-27 16:59:58.868] [info] [tid:873403] tracker out: 6
[04-27 16:59:58.893] [info] [tid:873403] tracker out: 6
[04-27 16:59:58.896] [info] [tid:873403] tracker out: 6
[04-27 16:59:59.009] [info] [tid:873403] tracker out: 5
[04-27 16:59:59.012] [info] [tid:873403] tracker out: 5
[04-27 16:59:59.048] [info] [tid:873403] tracker out: 5
[04-27 16:59:59.051] [info] [tid:873403] tracker out: 6
[04-27 16:59:59.175] [info] [tid:873403] tracker out: 6
[04-27 16:59:59.178] [info] [tid:873403] tracker out: 6
[04-27 16:59:59.214] [info] [tid:873403] tracker out: 6
[04-27 16:59:59.217] [info] [tid:873403] tracker out: 6
[04-27 16:59:59.341] [info] [tid:873403] tracker out: 6
[04-27 16:59:59.344] [info] [tid:873403] tracker out: 6
[04-27 16:59:59.424] [info] [tid:873403] tracker out: 6
[04-27 16:59:59.427] [info] [tid:873403] tracker out: 6
[04-27 16:59:59.463] [info] [tid:873403] tracker out: 6
[04-27 16:59:59.466] [info] [tid:873403] tracker out: 6
[04-27 16:59:59.480] [info] [tid:873403] tracker out: 6
[04-27 16:59:59.604] [info] [tid:873403] tracker out: 6
[04-27 16:59:59.651] [info] [tid:873403] tracker out: 6
[04-27 16:59:59.687] [info] [tid:873403] tracker out: 6
[04-27 16:59:59.701] [info] [tid:873403] tracker out: 6
[04-27 16:59:59.737] [info] [tid:873403] tracker out: 6
[04-27 16:59:59.751] [info] [tid:873403] tracker out: 6
[04-27 16:59:59.853] [info] [tid:873403] tracker out: 6
[04-27 16:59:59.867] [info] [tid:873403] tracker out: 6
[04-27 16:59:59.881] [info] [tid:873403] tracker out: 6
[04-27 16:59:59.884] [info] [tid:873403] tracker out: 6
[04-27 17:00:00.019] [info] [tid:873403] tracker out: 6
[04-27 17:00:00.022] [info] [tid:873403] tracker out: 6
[04-27 17:00:00.058] [info] [tid:873403] tracker out: 6
[04-27 17:00:00.061] [info] [tid:873403] tracker out: 6
[04-27 17:00:00.185] [info] [tid:873403] tracker out: 6
[04-27 17:00:00.188] [info] [tid:873403] tracker out: 6
[04-27 17:00:00.202] [info] [tid:873403] tracker out: 6
[04-27 17:00:00.205] [info] [tid:873403] tracker out: 6
[04-27 17:00:00.329] [info] [tid:873403] tracker out: 6
[04-27 17:00:00.343] [info] [tid:873403] tracker out: 6
[04-27 17:00:00.368] [info] [tid:873403] tracker out: 6
[04-27 17:00:00.382] [info] [tid:873403] tracker out: 6
[04-27 17:00:00.506] [info] [tid:873403] tracker out: 6
[04-27 17:00:00.520] [info] [tid:873403] tracker out: 7
[04-27 17:00:00.534] [info] [tid:873403] tracker out: 7
[04-27 17:00:00.548] [info] [tid:873403] tracker out: 7
[04-27 17:00:00.661] [info] [tid:873403] tracker out: 7
[04-27 17:00:00.675] [info] [tid:873403] tracker out: 7
[04-27 17:00:00.689] [info] [tid:873403] tracker out: 6
[04-27 17:00:00.703] [info] [tid:873403] tracker out: 6
[04-27 17:00:00.827] [info] [tid:873403] tracker out: 6
[04-27 17:00:00.830] [info] [tid:873403] tracker out: 6
[04-27 17:00:00.855] [info] [tid:873403] tracker out: 6
[04-27 17:00:00.858] [info] [tid:873403] tracker out: 6
[04-27 17:00:00.982] [info] [tid:873403] tracker out: 6
[04-27 17:00:00.985] [info] [tid:873403] tracker out: 6
[04-27 17:00:01.010] [info] [tid:873403] tracker out: 6
[04-27 17:00:01.024] [info] [tid:873403] tracker out: 6
[04-27 17:00:01.137] [info] [tid:873403] tracker out: 6
[04-27 17:00:01.151] [info] [tid:873403] tracker out: 6
[04-27 17:00:01.165] [info] [tid:873403] tracker out: 6
[04-27 17:00:01.179] [info] [tid:873403] tracker out: 6
[04-27 17:00:01.292] [info] [tid:873403] tracker out: 6
[04-27 17:00:01.306] [info] [tid:873403] tracker out: 6
[04-27 17:00:01.331] [info] [tid:873403] tracker out: 6
[04-27 17:00:01.345] [info] [tid:873403] tracker out: 6
[04-27 17:00:01.458] [info] [tid:873403] tracker out: 7
[04-27 17:00:01.461] [info] [tid:873403] tracker out: 7
[04-27 17:00:01.486] [info] [tid:873403] tracker out: 7
[04-27 17:00:01.489] [info] [tid:873403] tracker out: 7
[04-27 17:00:01.613] [info] [tid:873403] tracker out: 7
[04-27 17:00:01.616] [info] [tid:873403] tracker out: 7
[04-27 17:00:01.630] [info] [tid:873403] tracker out: 7
[04-27 17:00:01.743] [info] [tid:873403] tracker out: 7
[04-27 17:00:01.757] [info] [tid:873403] tracker out: 7
[04-27 17:00:01.782] [info] [tid:873403] tracker out: 6
[04-27 17:00:01.796] [info] [tid:873403] tracker out: 6
[04-27 17:00:01.876] [info] [tid:873403] tracker out: 6
[04-27 17:00:01.879] [info] [tid:873403] tracker out: 6
[04-27 17:00:01.926] [info] [tid:873403] tracker out: 6
[04-27 17:00:01.929] [info] [tid:873403] tracker out: 6
[04-27 17:00:02.064] [info] [tid:873403] tracker out: 6
[04-27 17:00:02.067] [info] [tid:873403] tracker out: 6
[04-27 17:00:02.092] [info] [tid:873403] tracker out: 6
[04-27 17:00:02.095] [info] [tid:873403] tracker out: 6
[04-27 17:00:02.208] [info] [tid:873403] tracker out: 6
[04-27 17:00:02.211] [info] [tid:873403] tracker out: 6
[04-27 17:00:02.258] [info] [tid:873403] tracker out: 6
[04-27 17:00:02.261] [info] [tid:873403] tracker out: 6
[04-27 17:00:02.374] [info] [tid:873403] tracker out: 6
[04-27 17:00:02.388] [info] [tid:873403] tracker out: 6
[04-27 17:00:02.424] [info] [tid:873403] tracker out: 6
[04-27 17:00:02.438] [info] [tid:873403] tracker out: 6
[04-27 17:00:02.529] [info] [tid:873403] tracker out: 6
[04-27 17:00:02.543] [info] [tid:873403] tracker out: 6
[04-27 17:00:02.568] [info] [tid:873403] tracker out: 6
[04-27 17:00:02.582] [info] [tid:873403] tracker out: 6
[04-27 17:00:02.706] [info] [tid:873403] tracker out: 6
[04-27 17:00:02.720] [info] [tid:873403] tracker out: 6
[04-27 17:00:02.745] [info] [tid:873403] tracker out: 6
[04-27 17:00:02.748] [info] [tid:873403] tracker out: 6
[04-27 17:00:02.850] [info] [tid:873403] tracker out: 6
[04-27 17:00:02.853] [info] [tid:873403] tracker out: 6
[04-27 17:00:02.900] [info] [tid:873403] tracker out: 6
[04-27 17:00:02.903] [info] [tid:873403] tracker out: 6
[04-27 17:00:03.027] [info] [tid:873403] tracker out: 6
[04-27 17:00:03.030] [info] [tid:873403] tracker out: 7
[04-27 17:00:03.066] [info] [tid:873403] tracker out: 7
[04-27 17:00:03.069] [info] [tid:873403] tracker out: 7
[04-27 17:00:03.171] [info] [tid:873403] tracker out: 7
[04-27 17:00:03.174] [info] [tid:873403] tracker out: 7
[04-27 17:00:03.210] [info] [tid:873403] tracker out: 7
[04-27 17:00:03.224] [info] [tid:873403] tracker out: 7
[04-27 17:00:03.337] [info] [tid:873403] tracker out: 7
[04-27 17:00:03.351] [info] [tid:873403] tracker out: 7
[04-27 17:00:03.376] [info] [tid:873403] tracker out: 7
[04-27 17:00:03.390] [info] [tid:873403] tracker out: 7
[04-27 17:00:03.481] [info] [tid:873403] tracker out: 7
[04-27 17:00:03.495] [info] [tid:873403] tracker out: 7
[04-27 17:00:03.531] [info] [tid:873403] tracker out: 7
[04-27 17:00:03.545] [info] [tid:873403] tracker out: 6
[04-27 17:00:03.658] [info] [tid:873403] tracker out: 6
[04-27 17:00:03.672] [info] [tid:873403] tracker out: 6
[04-27 17:00:03.675] [info] [tid:873403] tracker out: 6
[04-27 17:00:03.776] [info] [tid:873403] tracker out: 6
[04-27 17:00:03.779] [info] [tid:873403] tracker out: 6
[04-27 17:00:03.793] [info] [tid:873403] tracker out: 6
[04-27 17:00:03.807] [info] [tid:873403] tracker out: 6
[04-27 17:00:03.920] [info] [tid:873403] tracker out: 6
[04-27 17:00:03.934] [info] [tid:873403] tracker out: 6
[04-27 17:00:03.970] [info] [tid:873403] tracker out: 6
[04-27 17:00:03.984] [info] [tid:873403] tracker out: 6
[04-27 17:00:04.075] [info] [tid:873403] tracker out: 5
[04-27 17:00:04.089] [info] [tid:873403] tracker out: 6
[04-27 17:00:04.125] [info] [tid:873403] tracker out: 6
[04-27 17:00:04.139] [info] [tid:873403] tracker out: 6
[04-27 17:00:04.252] [info] [tid:873403] tracker out: 6
[04-27 17:00:04.266] [info] [tid:873403] tracker out: 6
[04-27 17:00:04.291] [info] [tid:873403] tracker out: 6
[04-27 17:00:04.305] [info] [tid:873403] tracker out: 6
[04-27 17:00:04.407] [info] [tid:873403] tracker out: 6
[04-27 17:00:04.410] [info] [tid:873403] tracker out: 6
[04-27 17:00:04.446] [info] [tid:873403] tracker out: 6
[04-27 17:00:04.449] [info] [tid:873403] tracker out: 6
[04-27 17:00:04.573] [info] [tid:873403] tracker out: 6
[04-27 17:00:04.576] [info] [tid:873403] tracker out: 6
[04-27 17:00:04.622] [info] [tid:873403] tracker out: 7
[04-27 17:00:04.625] [info] [tid:873403] tracker out: 7
[04-27 17:00:04.727] [info] [tid:873403] tracker out: 7
[04-27 17:00:04.730] [info] [tid:873403] tracker out: 7
[04-27 17:00:04.766] [info] [tid:873403] tracker out: 7
[04-27 17:00:04.769] [info] [tid:873403] tracker out: 7
[04-27 17:00:04.904] [info] [tid:873403] tracker out: 7
[04-27 17:00:04.907] [info] [tid:873403] tracker out: 7
[04-27 17:00:04.932] [info] [tid:873403] tracker out: 7
[04-27 17:00:04.946] [info] [tid:873403] tracker out: 7
[04-27 17:00:05.048] [info] [tid:873403] tracker out: 7
[04-27 17:00:05.062] [info] [tid:873403] tracker out: 7
[04-27 17:00:05.065] [info] [tid:873403] tracker out: 7
[04-27 17:00:05.178] [info] [tid:873403] tracker out: 7
[04-27 17:00:05.181] [info] [tid:873403] tracker out: 6
[04-27 17:00:05.228] [info] [tid:873403] tracker out: 5
[04-27 17:00:05.230] [info] [tid:873403] tracker out: 5
[04-27 17:00:05.331] [info] [tid:873403] tracker out: 5
[04-27 17:00:05.333] [info] [tid:873403] tracker out: 5
[04-27 17:00:05.368] [info] [tid:873403] tracker out: 5
[04-27 17:00:05.370] [info] [tid:873403] tracker out: 5
[04-27 17:00:05.504] [info] [tid:873403] tracker out: 5
[04-27 17:00:05.506] [info] [tid:873403] tracker out: 5
[04-27 17:00:05.541] [info] [tid:873403] tracker out: 5
[04-27 17:00:05.554] [info] [tid:873403] tracker out: 6
[04-27 17:00:05.645] [info] [tid:873403] tracker out: 6
[04-27 17:00:05.648] [info] [tid:873403] tracker out: 5
[04-27 17:00:05.694] [info] [tid:873403] tracker out: 5
[04-27 17:00:05.707] [info] [tid:873403] tracker out: 5
[04-27 17:00:05.819] [info] [tid:873403] tracker out: 5
[04-27 17:00:05.832] [info] [tid:873403] tracker out: 5
[04-27 17:00:05.856] [info] [tid:873403] tracker out: 5
[04-27 17:00:05.869] [info] [tid:873403] tracker out: 5
[04-27 17:00:05.948] [info] [tid:873403] tracker out: 5
[04-27 17:00:05.961] [info] [tid:873403] tracker out: 5
[04-27 17:00:05.964] [info] [tid:873403] tracker out: 5
[04-27 17:00:05.977] [info] [tid:873403] tracker out: 5
[04-27 17:00:05.980] [info] [tid:873403] tracker out: 5
[04-27 17:00:06.092] [info] [tid:873403] tracker out: 5
[04-27 17:00:06.095] [info] [tid:873403] tracker out: 5
[04-27 17:00:06.141] [info] [tid:873403] tracker out: 9
[04-27 17:00:06.155] [info] [tid:873403] tracker out: 7
[04-27 17:00:06.257] [info] [tid:873403] tracker out: 7
[04-27 17:00:06.271] [info] [tid:873403] tracker out: 8
[04-27 17:00:06.274] [info] [tid:873403] tracker out: 8
[04-27 17:00:06.288] [info] [tid:873403] tracker out: 8
[04-27 17:00:06.412] [info] [tid:873403] tracker out: 7
[04-27 17:00:06.426] [info] [tid:873403] tracker out: 7
[04-27 17:00:06.451] [info] [tid:873403] tracker out: 6
[04-27 17:00:06.465] [info] [tid:873403] tracker out: 6
[04-27 17:00:06.589] [info] [tid:873403] tracker out: 6
[04-27 17:00:06.592] [info] [tid:873403] tracker out: 6
[04-27 17:00:06.606] [info] [tid:873403] tracker out: 6
[04-27 17:00:06.609] [info] [tid:873403] tracker out: 6
[04-27 17:00:06.733] [info] [tid:873403] tracker out: 6
[04-27 17:00:06.736] [info] [tid:873403] tracker out: 7
[04-27 17:00:06.772] [info] [tid:873403] tracker out: 7
[04-27 17:00:06.775] [info] [tid:873403] tracker out: 6
[04-27 17:00:06.899] [info] [tid:873403] tracker out: 6
[04-27 17:00:06.913] [info] [tid:873403] tracker out: 6
[04-27 17:00:06.916] [info] [tid:873403] tracker out: 6
[04-27 17:00:06.930] [info] [tid:873403] tracker out: 6
[04-27 17:00:07.055] [info] [tid:873403] tracker out: 6
[04-27 17:00:07.069] [info] [tid:873403] tracker out: 6
[04-27 17:00:07.094] [info] [tid:873403] tracker out: 6
[04-27 17:00:07.108] [info] [tid:873403] tracker out: 6
[04-27 17:00:07.232] [info] [tid:873403] tracker out: 6
[04-27 17:00:07.235] [info] [tid:873403] tracker out: 6
[04-27 17:00:07.249] [info] [tid:873403] tracker out: 6
[04-27 17:00:07.252] [info] [tid:873403] tracker out: 6
[04-27 17:00:07.365] [info] [tid:873403] tracker out: 6
[04-27 17:00:07.368] [info] [tid:873403] tracker out: 6
[04-27 17:00:07.415] [info] [tid:873403] tracker out: 7
[04-27 17:00:07.418] [info] [tid:873403] tracker out: 7
[04-27 17:00:07.542] [info] [tid:873403] tracker out: 7
[04-27 17:00:07.546] [info] [tid:873403] tracker out: 7
[04-27 17:00:07.560] [info] [tid:873403] tracker out: 7
[04-27 17:00:07.563] [info] [tid:873403] tracker out: 7
[04-27 17:00:07.687] [info] [tid:873403] tracker out: 7
[04-27 17:00:07.701] [info] [tid:873403] tracker out: 7
[04-27 17:00:07.727] [info] [tid:873403] tracker out: 7
[04-27 17:00:07.741] [info] [tid:873403] tracker out: 6
[04-27 17:00:07.854] [info] [tid:873403] tracker out: 6
[04-27 17:00:07.868] [info] [tid:873403] tracker out: 6
[04-27 17:00:07.882] [info] [tid:873403] tracker out: 6
[04-27 17:00:07.896] [info] [tid:873403] tracker out: 6
[04-27 17:00:08.009] [info] [tid:873403] tracker out: 6
[04-27 17:00:08.023] [info] [tid:873403] tracker out: 6
[04-27 17:00:08.092] [info] [tid:873403] tracker out: 6
[04-27 17:00:08.106] [info] [tid:873403] tracker out: 5
[04-27 17:00:08.142] [info] [tid:873403] tracker out: 5
[04-27 17:00:08.156] [info] [tid:873403] tracker out: 5
[04-27 17:00:08.236] [info] [tid:873403] tracker out: 5
[04-27 17:00:08.250] [info] [tid:873403] tracker out: 5
[04-27 17:00:08.286] [info] [tid:873403] tracker out: 5
[04-27 17:00:08.300] [info] [tid:873403] tracker out: 6
[04-27 17:00:08.413] [info] [tid:873403] tracker out: 6
[04-27 17:00:08.427] [info] [tid:873403] tracker out: 6
[04-27 17:00:08.452] [info] [tid:873403] tracker out: 6
[04-27 17:00:08.466] [info] [tid:873403] tracker out: 6
[04-27 17:00:08.568] [info] [tid:873403] tracker out: 6
[04-27 17:00:08.571] [info] [tid:873403] tracker out: 7
[04-27 17:00:08.607] [info] [tid:873403] tracker out: 7
[04-27 17:00:08.610] [info] [tid:873403] tracker out: 8
[04-27 17:00:08.745] [info] [tid:873403] tracker out: 8
[04-27 17:00:08.748] [info] [tid:873403] tracker out: 9
[04-27 17:00:08.785] [info] [tid:873403] tracker out: 9
[04-27 17:00:08.789] [info] [tid:873403] tracker out: 9
[04-27 17:00:08.892] [info] [tid:873403] tracker out: 9
[04-27 17:00:08.896] [info] [tid:873403] tracker out: 9
[04-27 17:00:08.933] [info] [tid:873403] tracker out: 9
[04-27 17:00:08.937] [info] [tid:873403] tracker out: 9
[04-27 17:00:09.051] [info] [tid:873403] tracker out: 9
[04-27 17:00:09.066] [info] [tid:873403] tracker out: 9
[04-27 17:00:09.103] [info] [tid:873403] tracker out: 8
[04-27 17:00:09.117] [info] [tid:873403] tracker out: 8
[04-27 17:00:09.208] [info] [tid:873403] tracker out: 8
[04-27 17:00:09.211] [info] [tid:873403] tracker out: 8
[04-27 17:00:09.258] [info] [tid:873403] tracker out: 8
[04-27 17:00:09.261] [info] [tid:873403] tracker out: 9
[04-27 17:00:09.385] [info] [tid:873403] tracker out: 9
[04-27 17:00:09.389] [info] [tid:873403] tracker out: 9
[04-27 17:00:09.426] [info] [tid:873403] tracker out: 9
[04-27 17:00:09.430] [info] [tid:873403] tracker out: 9
[04-27 17:00:09.532] [info] [tid:873403] tracker out: 9
[04-27 17:00:09.536] [info] [tid:873403] tracker out: 9
[04-27 17:00:09.584] [info] [tid:873403] tracker out: 9
[04-27 17:00:09.588] [info] [tid:873403] tracker out: 9
[04-27 17:00:09.702] [info] [tid:873403] tracker out: 9
[04-27 17:00:09.706] [info] [tid:873403] tracker out: 9
[04-27 17:00:09.742] [info] [tid:873403] tracker out: 9
[04-27 17:00:09.757] [info] [tid:873403] tracker out: 9
[04-27 17:00:09.859] [info] [tid:873403] tracker out: 9
[04-27 17:00:09.874] [info] [tid:873403] tracker out: 9
[04-27 17:00:09.889] [info] [tid:873403] tracker out: 9
[04-27 17:00:09.893] [info] [tid:873403] tracker out: 9
[04-27 17:00:10.017] [info] [tid:873403] tracker out: 9
[04-27 17:00:10.021] [info] [tid:873403] tracker out: 8
[04-27 17:00:10.068] [info] [tid:873403] tracker out: 8
[04-27 17:00:10.082] [info] [tid:873403] tracker out: 8
[04-27 17:00:10.162] [info] [tid:873403] tracker out: 8
[04-27 17:00:10.176] [info] [tid:873403] tracker out: 8
[04-27 17:00:10.212] [info] [tid:873403] tracker out: 9
[04-27 17:00:10.226] [info] [tid:873403] tracker out: 9
[04-27 17:00:10.339] [info] [tid:873403] tracker out: 9
[04-27 17:00:10.353] [info] [tid:873403] tracker out: 9
[04-27 17:00:10.379] [info] [tid:873403] tracker out: 8
[04-27 17:00:10.393] [info] [tid:873403] tracker out: 8
[04-27 17:00:10.484] [info] [tid:873403] tracker out: 8
[04-27 17:00:10.498] [info] [tid:873403] tracker out: 9
[04-27 17:00:10.524] [info] [tid:873403] tracker out: 9
[04-27 17:00:10.538] [info] [tid:873403] tracker out: 9
[04-27 17:00:10.652] [info] [tid:873403] tracker out: 9
[04-27 17:00:10.666] [info] [tid:873403] tracker out: 9
[04-27 17:00:10.692] [info] [tid:873403] tracker out: 9
[04-27 17:00:10.706] [info] [tid:873403] tracker out: 9
[04-27 17:00:10.797] [info] [tid:873403] tracker out: 9
[04-27 17:00:10.811] [info] [tid:873403] tracker out: 8
[04-27 17:00:10.858] [info] [tid:873403] tracker out: 8
[04-27 17:00:10.861] [info] [tid:873403] tracker out: 8
[04-27 17:00:10.985] [info] [tid:873403] tracker out: 7
[04-27 17:00:10.988] [info] [tid:873403] tracker out: 7
[04-27 17:00:11.024] [info] [tid:873403] tracker out: 7
[04-27 17:00:11.027] [info] [tid:873403] tracker out: 7
[04-27 17:00:11.129] [info] [tid:873403] tracker out: 7
[04-27 17:00:11.132] [info] [tid:873403] tracker out: 8
[04-27 17:00:11.169] [info] [tid:873403] tracker out: 8
[04-27 17:00:11.172] [info] [tid:873403] tracker out: 8
[04-27 17:00:11.296] [info] [tid:873403] tracker out: 8
[04-27 17:00:11.299] [info] [tid:873403] tracker out: 7
[04-27 17:00:11.379] [info] [tid:873403] tracker out: 7
[04-27 17:00:11.393] [info] [tid:873403] tracker out: 7
[04-27 17:00:11.396] [info] [tid:873403] tracker out: 7
[04-27 17:00:11.410] [info] [tid:873403] tracker out: 7
[04-27 17:00:11.523] [info] [tid:873403] tracker out: 7
[04-27 17:00:11.537] [info] [tid:873403] tracker out: 8
[04-27 17:00:11.574] [info] [tid:873403] tracker out: 8
[04-27 17:00:11.588] [info] [tid:873403] tracker out: 8
[04-27 17:00:11.712] [info] [tid:873403] tracker out: 8
[04-27 17:00:11.727] [info] [tid:873403] tracker out: 8
[04-27 17:00:11.730] [info] [tid:873403] tracker out: 8
[04-27 17:00:11.744] [info] [tid:873403] tracker out: 8
[04-27 17:00:11.857] [info] [tid:873403] tracker out: 8
[04-27 17:00:11.871] [info] [tid:873403] tracker out: 8
[04-27 17:00:11.896] [info] [tid:873403] tracker out: 8
[04-27 17:00:11.910] [info] [tid:873403] tracker out: 8
[04-27 17:00:12.034] [info] [tid:873403] tracker out: 8
[04-27 17:00:12.038] [info] [tid:873403] tracker out: 8
[04-27 17:00:12.052] [info] [tid:873403] tracker out: 8
[04-27 17:00:12.055] [info] [tid:873403] tracker out: 8
[04-27 17:00:12.180] [info] [tid:873403] tracker out: 8
[04-27 17:00:12.184] [info] [tid:873403] tracker out: 9
[04-27 17:00:12.221] [info] [tid:873403] tracker out: 9
[04-27 17:00:12.236] [info] [tid:873403] tracker out: 9
[04-27 17:00:12.339] [info] [tid:873403] tracker out: 9
[04-27 17:00:12.354] [info] [tid:873403] tracker out: 9
[04-27 17:00:12.369] [info] [tid:873403] tracker out: 9
[04-27 17:00:12.384] [info] [tid:873403] tracker out: 9
[04-27 17:00:12.487] [info] [tid:873403] tracker out: 9
[04-27 17:00:12.502] [info] [tid:873403] tracker out: 9
[04-27 17:00:12.539] [info] [tid:873403] tracker out: 9
[04-27 17:00:12.554] [info] [tid:873403] tracker out: 9
[04-27 17:00:12.668] [info] [tid:873403] tracker out: 8
[04-27 17:00:12.683] [info] [tid:873403] tracker out: 8
[04-27 17:00:12.698] [info] [tid:873403] tracker out: 8
[04-27 17:00:12.701] [info] [tid:873403] tracker out: 8
[04-27 17:00:12.825] [info] [tid:873403] tracker out: 8
[04-27 17:00:12.829] [info] [tid:873403] tracker out: 8
[04-27 17:00:12.865] [info] [tid:873403] tracker out: 9
[04-27 17:00:12.869] [info] [tid:873403] tracker out: 9
[04-27 17:00:12.983] [info] [tid:873403] tracker out: 9
[04-27 17:00:12.987] [info] [tid:873403] tracker out: 9
[04-27 17:00:13.013] [info] [tid:873403] tracker out: 9
[04-27 17:00:13.017] [info] [tid:873403] tracker out: 9
[04-27 17:00:13.142] [info] [tid:873403] tracker out: 9
[04-27 17:00:13.157] [info] [tid:873403] tracker out: 9
[04-27 17:00:13.172] [info] [tid:873403] tracker out: 9
[04-27 17:00:13.187] [info] [tid:873403] tracker out: 9
[04-27 17:00:13.301] [info] [tid:873403] tracker out: 9
[04-27 17:00:13.316] [info] [tid:873403] tracker out: 9
[04-27 17:00:13.331] [info] [tid:873403] tracker out: 9
[04-27 17:00:13.346] [info] [tid:873403] tracker out: 9
[04-27 17:00:13.449] [info] [tid:873403] tracker out: 9
[04-27 17:00:13.464] [info] [tid:873403] tracker out: 9
[04-27 17:00:13.490] [info] [tid:873403] tracker out: 9
[04-27 17:00:13.505] [info] [tid:873403] tracker out: 9
[04-27 17:00:13.619] [info] [tid:873403] tracker out: 9
[04-27 17:00:13.623] [info] [tid:873403] tracker out: 9
[04-27 17:00:13.649] [info] [tid:873403] tracker out: 9
[04-27 17:00:13.653] [info] [tid:873403] tracker out: 9
[04-27 17:00:13.778] [info] [tid:873403] tracker out: 9
[04-27 17:00:13.782] [info] [tid:873403] tracker out: 10
[04-27 17:00:13.808] [info] [tid:873403] tracker out: 10
[04-27 17:00:13.812] [info] [tid:873403] tracker out: 11
[04-27 17:00:13.948] [info] [tid:873403] tracker out: 11
[04-27 17:00:13.952] [info] [tid:873403] tracker out: 10
[04-27 17:00:13.967] [info] [tid:873403] tracker out: 10
[04-27 17:00:13.982] [info] [tid:873403] tracker out: 10
[04-27 17:00:14.085] [info] [tid:873403] tracker out: 9
[04-27 17:00:14.100] [info] [tid:873403] tracker out: 9
[04-27 17:00:14.137] [info] [tid:873403] tracker out: 9
[04-27 17:00:14.152] [info] [tid:873403] tracker out: 9
[04-27 17:00:14.254] [info] [tid:873403] tracker out: 9
[04-27 17:00:14.269] [info] [tid:873403] tracker out: 9
[04-27 17:00:14.273] [info] [tid:873403] tracker out: 9
[04-27 17:00:14.288] [info] [tid:873403] tracker out: 9
[04-27 17:00:14.424] [info] [tid:873403] tracker out: 9
[04-27 17:00:14.428] [info] [tid:873403] tracker out: 9
[04-27 17:00:14.465] [info] [tid:873403] tracker out: 10
[04-27 17:00:14.469] [info] [tid:873403] tracker out: 10
[04-27 17:00:14.594] [info] [tid:873403] tracker out: 10
[04-27 17:00:14.598] [info] [tid:873403] tracker out: 10
[04-27 17:00:14.613] [info] [tid:873403] tracker out: 10
[04-27 17:00:14.617] [info] [tid:873403] tracker out: 9
[04-27 17:00:14.742] [info] [tid:873403] tracker out: 9
[04-27 17:00:14.746] [info] [tid:873403] tracker out: 8
[04-27 17:00:14.771] [info] [tid:873403] tracker out: 8
[04-27 17:00:14.785] [info] [tid:873403] tracker out: 8
[04-27 17:00:14.898] [info] [tid:873403] tracker out: 8
[04-27 17:00:14.912] [info] [tid:873403] tracker out: 8
[04-27 17:00:14.916] [info] [tid:873403] tracker out: 8
[04-27 17:00:14.931] [info] [tid:873403] tracker out: 8
[04-27 17:00:15.044] [info] [tid:873403] tracker out: 8
[04-27 17:00:15.047] [info] [tid:873403] tracker out: 9
[04-27 17:00:15.094] [info] [tid:873403] tracker out: 8
[04-27 17:00:15.098] [info] [tid:873403] tracker out: 8
[04-27 17:00:15.223] [info] [tid:873403] tracker out: 8
[04-27 17:00:15.238] [info] [tid:873403] tracker out: 8
[04-27 17:00:15.242] [info] [tid:873403] tracker out: 8
[04-27 17:00:15.256] [info] [tid:873403] tracker out: 8
[04-27 17:00:15.369] [info] [tid:873403] tracker out: 8
[04-27 17:00:15.383] [info] [tid:873403] tracker out: 8
[04-27 17:00:15.408] [info] [tid:873403] tracker out: 8
[04-27 17:00:15.422] [info] [tid:873403] tracker out: 8
[04-27 17:00:15.535] [info] [tid:873403] tracker out: 8
[04-27 17:00:15.539] [info] [tid:873403] tracker out: 8
[04-27 17:00:15.564] [info] [tid:873403] tracker out: 8
[04-27 17:00:15.568] [info] [tid:873403] tracker out: 8
[04-27 17:00:15.703] [info] [tid:873403] tracker out: 9
[04-27 17:00:15.707] [info] [tid:873403] tracker out: 8
[04-27 17:00:15.743] [info] [tid:873403] tracker out: 8
[04-27 17:00:15.746] [info] [tid:873403] tracker out: 8
[04-27 17:00:15.859] [info] [tid:873403] tracker out: 8
[04-27 17:00:15.874] [info] [tid:873403] tracker out: 7
[04-27 17:00:15.888] [info] [tid:873403] tracker out: 7
[04-27 17:00:15.902] [info] [tid:873403] tracker out: 7
[04-27 17:00:15.927] [info] [tid:873403] tracker out: 7
[04-27 17:00:15.941] [info] [tid:873403] tracker out: 7
[04-27 17:00:16.098] [info] [tid:873403] tracker out: 7
[04-27 17:00:16.145] [info] [tid:873403] tracker out: 6
[04-27 17:00:16.192] [info] [tid:873403] tracker out: 7
[04-27 17:00:16.195] [info] [tid:873403] tracker out: 7
[04-27 17:00:16.209] [info] [tid:873403] tracker out: 7
[04-27 17:00:16.289] [info] [tid:873403] tracker out: 7
[04-27 17:00:16.303] [info] [tid:873403] tracker out: 6
[04-27 17:00:16.328] [info] [tid:873403] tracker out: 6
[04-27 17:00:16.342] [info] [tid:873403] tracker out: 6
[04-27 17:00:16.466] [info] [tid:873403] tracker out: 7
[04-27 17:00:16.480] [info] [tid:873403] tracker out: 7
[04-27 17:00:16.494] [info] [tid:873403] tracker out: 7
[04-27 17:00:16.508] [info] [tid:873403] tracker out: 7
[04-27 17:00:16.610] [info] [tid:873403] tracker out: 7
[04-27 17:00:16.613] [info] [tid:873403] tracker out: 7
[04-27 17:00:16.660] [info] [tid:873403] tracker out: 7
[04-27 17:00:16.663] [info] [tid:873403] tracker out: 8
[04-27 17:00:16.787] [info] [tid:873403] tracker out: 8
[04-27 17:00:16.790] [info] [tid:873403] tracker out: 7
[04-27 17:00:16.804] [info] [tid:873403] tracker out: 7
[04-27 17:00:16.884] [info] [tid:873403] tracker out: 7
[04-27 17:00:16.898] [info] [tid:873403] tracker out: 8
[04-27 17:00:16.923] [info] [tid:873403] tracker out: 7
[04-27 17:00:16.937] [info] [tid:873403] tracker out: 7
[04-27 17:00:17.061] [info] [tid:873403] tracker out: 7
[04-27 17:00:17.064] [info] [tid:873403] tracker out: 7
[04-27 17:00:17.100] [info] [tid:873403] tracker out: 7
[04-27 17:00:17.103] [info] [tid:873403] tracker out: 8
[04-27 17:00:17.205] [info] [tid:873403] tracker out: 8
[04-27 17:00:17.241] [info] [tid:873403] tracker out: 8
[04-27 17:00:17.256] [info] [tid:873403] tracker out: 8
[04-27 17:00:17.293] [info] [tid:873403] tracker out: 8
[04-27 17:00:17.296] [info] [tid:873403] tracker out: 8
[04-27 17:00:17.420] [info] [tid:873403] tracker out: 8
[04-27 17:00:17.424] [info] [tid:873403] tracker out: 9
[04-27 17:00:17.483] [info] [tid:873403] tracker out: 9
[04-27 17:00:17.487] [info] [tid:873403] tracker out: 9
[04-27 17:00:17.568] [info] [tid:873403] tracker out: 9
[04-27 17:00:17.572] [info] [tid:873403] tracker out: 9
[04-27 17:00:17.609] [info] [tid:873403] tracker out: 9
[04-27 17:00:17.624] [info] [tid:873403] tracker out: 9
[04-27 17:00:17.727] [info] [tid:873403] tracker out: 8
[04-27 17:00:17.785] [info] [tid:873403] tracker out: 8
[04-27 17:00:17.788] [info] [tid:873403] tracker out: 7
[04-27 17:00:17.857] [info] [tid:873403] tracker out: 7
[04-27 17:00:17.860] [info] [tid:873403] tracker out: 8
[04-27 17:00:17.929] [info] [tid:873403] tracker out: 8
[04-27 17:00:17.933] [info] [tid:873403] tracker out: 9
[04-27 17:00:17.981] [info] [tid:873403] tracker out: 9
[04-27 17:00:17.985] [info] [tid:873403] tracker out: 9
[04-27 17:00:18.110] [info] [tid:873403] tracker out: 8
[04-27 17:00:18.125] [info] [tid:873403] tracker out: 8
[04-27 17:00:18.140] [info] [tid:873403] tracker out: 6
[04-27 17:00:18.165] [info] [tid:873403] tracker out: 6
[04-27 17:00:18.179] [info] [tid:873403] tracker out: 6
[04-27 17:00:18.292] [info] [tid:873403] tracker out: 7
[04-27 17:00:18.306] [info] [tid:873403] tracker out: 8
[04-27 17:00:18.310] [info] [tid:873403] tracker out: 8
[04-27 17:00:18.434] [info] [tid:873403] tracker out: 8
[04-27 17:00:18.438] [info] [tid:873403] tracker out: 8
[04-27 17:00:18.452] [info] [tid:873403] tracker out: 8
[04-27 17:00:18.532] [info] [tid:873403] tracker out: 9
[04-27 17:00:18.580] [info] [tid:873403] tracker out: 9
[04-27 17:00:18.595] [info] [tid:873403] tracker out: 9
[04-27 17:00:18.621] [info] [tid:873403] tracker out: 10
[04-27 17:00:18.636] [info] [tid:873403] tracker out: 10
[04-27 17:00:18.750] [info] [tid:873403] tracker out: 10
[04-27 17:00:18.765] [info] [tid:873403] tracker out: 10
[04-27 17:00:18.769] [info] [tid:873403] tracker out: 10
[04-27 17:00:18.784] [info] [tid:873403] tracker out: 10
[04-27 17:00:18.898] [info] [tid:873403] tracker out: 10
[04-27 17:00:18.902] [info] [tid:873403] tracker out: 10
[04-27 17:00:18.939] [info] [tid:873403] tracker out: 10
[04-27 17:00:18.943] [info] [tid:873403] tracker out: 10
[04-27 17:00:19.067] [info] [tid:873403] tracker out: 10
[04-27 17:00:19.071] [info] [tid:873403] tracker out: 7
[04-27 17:00:19.085] [info] [tid:873403] tracker out: 7
[04-27 17:00:19.088] [info] [tid:873403] tracker out: 7
[04-27 17:00:19.212] [info] [tid:873403] tracker out: 7
[04-27 17:00:19.226] [info] [tid:873403] tracker out: 7
[04-27 17:00:19.262] [info] [tid:873403] tracker out: 7
[04-27 17:00:19.276] [info] [tid:873403] tracker out: 7
[04-27 17:00:19.378] [info] [tid:873403] tracker out: 7
[04-27 17:00:19.392] [info] [tid:873403] tracker out: 7
[04-27 17:00:19.395] [info] [tid:873403] tracker out: 7
[04-27 17:00:19.497] [info] [tid:873403] tracker out: 7
[04-27 17:00:19.500] [info] [tid:873403] tracker out: 6
[04-27 17:00:19.536] [info] [tid:873403] tracker out: 6
[04-27 17:00:19.539] [info] [tid:873403] tracker out: 5
[04-27 17:00:19.652] [info] [tid:873403] tracker out: 5
[04-27 17:00:19.666] [info] [tid:873403] tracker out: 5
[04-27 17:00:19.702] [info] [tid:873403] tracker out: 5
[04-27 17:00:19.716] [info] [tid:873403] tracker out: 6
[04-27 17:00:19.807] [info] [tid:873403] tracker out: 7
[04-27 17:00:19.821] [info] [tid:873403] tracker out: 7
[04-27 17:00:19.857] [info] [tid:873403] tracker out: 7
[04-27 17:00:19.871] [info] [tid:873403] tracker out: 6
[04-27 17:00:19.973] [info] [tid:873403] tracker out: 6
[04-27 17:00:19.987] [info] [tid:873403] tracker out: 6
[04-27 17:00:20.012] [info] [tid:873403] tracker out: 5
[04-27 17:00:20.026] [info] [tid:873403] tracker out: 5
[04-27 17:00:20.139] [info] [tid:873403] tracker out: 5
[04-27 17:00:20.142] [info] [tid:873403] tracker out: 5
[04-27 17:00:20.178] [info] [tid:873403] tracker out: 5
[04-27 17:00:20.181] [info] [tid:873403] tracker out: 5
[04-27 17:00:20.294] [info] [tid:873403] tracker out: 5
[04-27 17:00:20.297] [info] [tid:873403] tracker out: 5
[04-27 17:00:20.344] [info] [tid:873403] tracker out: 6
[04-27 17:00:20.347] [info] [tid:873403] tracker out: 7
[04-27 17:00:20.449] [info] [tid:873403] tracker out: 7
[04-27 17:00:20.452] [info] [tid:873403] tracker out: 7
[04-27 17:00:20.488] [info] [tid:873403] tracker out: 7
[04-27 17:00:20.502] [info] [tid:873403] tracker out: 7
[04-27 17:00:20.615] [info] [tid:873403] tracker out: 7
[04-27 17:00:20.629] [info] [tid:873403] tracker out: 7
[04-27 17:00:20.654] [info] [tid:873403] tracker out: 7
[04-27 17:00:20.668] [info] [tid:873403] tracker out: 7
[04-27 17:00:20.770] [info] [tid:873403] tracker out: 7
[04-27 17:00:20.784] [info] [tid:873403] tracker out: 7
[04-27 17:00:20.798] [info] [tid:873403] tracker out: 7
[04-27 17:00:20.812] [info] [tid:873403] tracker out: 7
[04-27 17:00:20.925] [info] [tid:873403] tracker out: 7
[04-27 17:00:20.939] [info] [tid:873403] tracker out: 7
[04-27 17:00:20.986] [info] [tid:873403] tracker out: 7
[04-27 17:00:20.989] [info] [tid:873403] tracker out: 7
[04-27 17:00:21.091] [info] [tid:873403] tracker out: 7
[04-27 17:00:21.094] [info] [tid:873403] tracker out: 7
[04-27 17:00:21.130] [info] [tid:873403] tracker out: 8
[04-27 17:00:21.133] [info] [tid:873403] tracker out: 8
[04-27 17:00:21.268] [info] [tid:873403] tracker out: 8
[04-27 17:00:21.271] [info] [tid:873403] tracker out: 8
[04-27 17:00:21.307] [info] [tid:873403] tracker out: 7
[04-27 17:00:21.310] [info] [tid:873403] tracker out: 7
[04-27 17:00:21.401] [info] [tid:873403] tracker out: 6
[04-27 17:00:21.415] [info] [tid:873403] tracker out: 6
[04-27 17:00:21.451] [info] [tid:873403] tracker out: 7
[04-27 17:00:21.465] [info] [tid:873403] tracker out: 8
[04-27 17:00:21.579] [info] [tid:873403] tracker out: 8
[04-27 17:00:21.593] [info] [tid:873403] tracker out: 8
[04-27 17:00:21.651] [info] [tid:873403] tracker out: 8
[04-27 17:00:21.665] [info] [tid:873403] tracker out: 7
[04-27 17:00:21.679] [info] [tid:873403] tracker out: 7
[04-27 17:00:21.693] [info] [tid:873403] tracker out: 7
[04-27 17:00:21.817] [info] [tid:873403] tracker out: 7
[04-27 17:00:21.831] [info] [tid:873403] tracker out: 7
[04-27 17:00:21.856] [info] [tid:873403] tracker out: 6
[04-27 17:00:21.870] [info] [tid:873403] tracker out: 6
[04-27 17:00:21.972] [info] [tid:873403] tracker out: 6
[04-27 17:00:21.975] [info] [tid:873403] tracker out: 7
[04-27 17:00:22.011] [info] [tid:873403] tracker out: 7
[04-27 17:00:22.014] [info] [tid:873403] tracker out: 7
[04-27 17:00:22.138] [info] [tid:873403] tracker out: 7
[04-27 17:00:22.141] [info] [tid:873403] tracker out: 7
[04-27 17:00:22.188] [info] [tid:873403] tracker out: 7
[04-27 17:00:22.191] [info] [tid:873403] tracker out: 7
[04-27 17:00:22.293] [info] [tid:873403] tracker out: 7
[04-27 17:00:22.296] [info] [tid:873403] tracker out: 8
[04-27 17:00:22.321] [info] [tid:873403] tracker out: 8
[04-27 17:00:22.335] [info] [tid:873403] tracker out: 8
[04-27 17:00:22.459] [info] [tid:873403] tracker out: 8
[04-27 17:00:22.473] [info] [tid:873403] tracker out: 7
[04-27 17:00:22.498] [info] [tid:873403] tracker out: 7
[04-27 17:00:22.512] [info] [tid:873403] tracker out: 7
[04-27 17:00:22.603] [info] [tid:873403] tracker out: 7
[04-27 17:00:22.617] [info] [tid:873403] tracker out: 7
[04-27 17:00:22.642] [info] [tid:873403] tracker out: 7
[04-27 17:00:22.656] [info] [tid:873403] tracker out: 7
[04-27 17:00:22.769] [info] [tid:873403] tracker out: 7
[04-27 17:00:22.783] [info] [tid:873403] tracker out: 8
[04-27 17:00:22.830] [info] [tid:873403] tracker out: 8
[04-27 17:00:22.833] [info] [tid:873403] tracker out: 8
[04-27 17:00:22.935] [info] [tid:873403] tracker out: 8
[04-27 17:00:22.938] [info] [tid:873403] tracker out: 8
[04-27 17:00:22.963] [info] [tid:873403] tracker out: 8
[04-27 17:00:22.966] [info] [tid:873403] tracker out: 8
[04-27 17:00:23.101] [info] [tid:873403] tracker out: 8
[04-27 17:00:23.104] [info] [tid:873403] tracker out: 8
[04-27 17:00:23.140] [info] [tid:873403] tracker out: 8
[04-27 17:00:23.143] [info] [tid:873403] tracker out: 9
[04-27 17:00:23.245] [info] [tid:873403] tracker out: 9
[04-27 17:00:23.259] [info] [tid:873403] tracker out: 9
[04-27 17:00:23.284] [info] [tid:873403] tracker out: 8
[04-27 17:00:23.298] [info] [tid:873403] tracker out: 8
[04-27 17:00:23.411] [info] [tid:873403] tracker out: 8
[04-27 17:00:23.425] [info] [tid:873403] tracker out: 8
[04-27 17:00:23.461] [info] [tid:873403] tracker out: 8
[04-27 17:00:23.475] [info] [tid:873403] tracker out: 8
[04-27 17:00:23.555] [info] [tid:873403] tracker out: 8
[04-27 17:00:23.569] [info] [tid:873403] tracker out: 9
[04-27 17:00:23.595] [info] [tid:873403] tracker out: 9
[04-27 17:00:23.609] [info] [tid:873403] tracker out: 9
[04-27 17:00:23.722] [info] [tid:873403] tracker out: 9
[04-27 17:00:23.737] [info] [tid:873403] tracker out: 9
[04-27 17:00:23.741] [info] [tid:873403] tracker out: 9
[04-27 17:00:23.865] [info] [tid:873403] tracker out: 9
[04-27 17:00:23.869] [info] [tid:873403] tracker out: 9
[04-27 17:00:23.884] [info] [tid:873403] tracker out: 9
[04-27 17:00:23.887] [info] [tid:873403] tracker out: 8
[04-27 17:00:24.011] [info] [tid:873403] tracker out: 8
[04-27 17:00:24.014] [info] [tid:873403] tracker out: 8
[04-27 17:00:24.050] [info] [tid:873403] tracker out: 8
[04-27 17:00:24.064] [info] [tid:873403] tracker out: 8
[04-27 17:00:24.177] [info] [tid:873403] tracker out: 8
[04-27 17:00:24.191] [info] [tid:873403] tracker out: 8
[04-27 17:00:24.194] [info] [tid:873403] tracker out: 8
[04-27 17:00:24.208] [info] [tid:873403] tracker out: 8
[04-27 17:00:24.322] [info] [tid:873403] tracker out: 8
[04-27 17:00:24.336] [info] [tid:873403] tracker out: 8
[04-27 17:00:24.372] [info] [tid:873403] tracker out: 8
[04-27 17:00:24.386] [info] [tid:873403] tracker out: 8
[04-27 17:00:24.510] [info] [tid:873403] tracker out: 7
[04-27 17:00:24.524] [info] [tid:873403] tracker out: 7
[04-27 17:00:24.527] [info] [tid:873403] tracker out: 7
[04-27 17:00:24.541] [info] [tid:873403] tracker out: 7
[04-27 17:00:24.665] [info] [tid:873403] tracker out: 7
[04-27 17:00:24.668] [info] [tid:873403] tracker out: 7
[04-27 17:00:24.704] [info] [tid:873403] tracker out: 7
[04-27 17:00:24.707] [info] [tid:873403] tracker out: 7
[04-27 17:00:24.831] [info] [tid:873403] tracker out: 7
[04-27 17:00:24.834] [info] [tid:873403] tracker out: 7
[04-27 17:00:24.848] [info] [tid:873403] tracker out: 7
[04-27 17:00:24.851] [info] [tid:873403] tracker out: 7
[04-27 17:00:24.964] [info] [tid:873403] tracker out: 7
[04-27 17:00:24.967] [info] [tid:873403] tracker out: 7
[04-27 17:00:25.014] [info] [tid:873403] tracker out: 7
[04-27 17:00:25.028] [info] [tid:873403] tracker out: 7
[04-27 17:00:25.152] [info] [tid:873403] tracker out: 7
[04-27 17:00:25.166] [info] [tid:873403] tracker out: 7
[04-27 17:00:25.169] [info] [tid:873403] tracker out: 8
[04-27 17:00:25.183] [info] [tid:873403] tracker out: 8
[04-27 17:00:25.296] [info] [tid:873403] tracker out: 8
[04-27 17:00:25.310] [info] [tid:873403] tracker out: 8
[04-27 17:00:25.335] [info] [tid:873403] tracker out: 7
[04-27 17:00:25.349] [info] [tid:873403] tracker out: 7
[04-27 17:00:25.462] [info] [tid:873403] tracker out: 7
[04-27 17:00:25.476] [info] [tid:873403] tracker out: 7
[04-27 17:00:25.490] [info] [tid:873403] tracker out: 7
[04-27 17:00:25.493] [info] [tid:873403] tracker out: 7
[04-27 17:00:25.617] [info] [tid:873403] tracker out: 7
[04-27 17:00:25.620] [info] [tid:873403] tracker out: 7
[04-27 17:00:25.667] [info] [tid:873403] tracker out: 6
[04-27 17:00:25.670] [info] [tid:873403] tracker out: 6
[04-27 17:00:25.783] [info] [tid:873403] tracker out: 6
[04-27 17:00:25.786] [info] [tid:873403] tracker out: 6
[04-27 17:00:25.811] [info] [tid:873403] tracker out: 7
[04-27 17:00:25.814] [info] [tid:873403] tracker out: 7
[04-27 17:00:25.927] [info] [tid:873403] tracker out: 7
[04-27 17:00:25.941] [info] [tid:873403] tracker out: 7
[04-27 17:00:25.944] [info] [tid:873403] tracker out: 7
[04-27 17:00:25.958] [info] [tid:873403] tracker out: 7
[04-27 17:00:26.104] [info] [tid:873403] tracker out: 7
[04-27 17:00:26.118] [info] [tid:873403] tracker out: 6
[04-27 17:00:26.121] [info] [tid:873403] tracker out: 6
[04-27 17:00:26.135] [info] [tid:873403] tracker out: 6
[04-27 17:00:26.237] [info] [tid:873403] tracker out: 5
[04-27 17:00:26.251] [info] [tid:873403] tracker out: 5
[04-27 17:00:26.287] [info] [tid:873403] tracker out: 5
[04-27 17:00:26.301] [info] [tid:873403] tracker out: 5
[04-27 17:00:26.414] [info] [tid:873403] tracker out: 5
[04-27 17:00:26.428] [info] [tid:873403] tracker out: 5
[04-27 17:00:26.442] [info] [tid:873403] tracker out: 5
[04-27 17:00:26.445] [info] [tid:873403] tracker out: 7
[04-27 17:00:26.580] [info] [tid:873403] tracker out: 7
[04-27 17:00:26.583] [info] [tid:873403] tracker out: 7
[04-27 17:00:26.608] [info] [tid:873403] tracker out: 7
[04-27 17:00:26.611] [info] [tid:873403] tracker out: 7
[04-27 17:00:26.735] [info] [tid:873403] tracker out: 7
[04-27 17:00:26.738] [info] [tid:873403] tracker out: 7
[04-27 17:00:26.763] [info] [tid:873403] tracker out: 7
[04-27 17:00:26.766] [info] [tid:873403] tracker out: 7
[04-27 17:00:26.901] [info] [tid:873403] tracker out: 7
[04-27 17:00:26.915] [info] [tid:873403] tracker out: 7
[04-27 17:00:26.940] [info] [tid:873403] tracker out: 7
[04-27 17:00:26.954] [info] [tid:873403] tracker out: 7
[04-27 17:00:27.067] [info] [tid:873403] tracker out: 7
[04-27 17:00:27.081] [info] [tid:873403] tracker out: 7
[04-27 17:00:27.084] [info] [tid:873403] tracker out: 6
[04-27 17:00:27.098] [info] [tid:873403] tracker out: 6
[04-27 17:00:27.211] [info] [tid:873403] tracker out: 6
[04-27 17:00:27.225] [info] [tid:873403] tracker out: 6
[04-27 17:00:27.261] [info] [tid:873403] tracker out: 6
[04-27 17:00:27.275] [info] [tid:873403] tracker out: 6
[04-27 17:00:27.388] [info] [tid:873403] tracker out: 6
[04-27 17:00:27.391] [info] [tid:873403] tracker out: 6
[04-27 17:00:27.416] [info] [tid:873403] tracker out: 7
[04-27 17:00:27.419] [info] [tid:873403] tracker out: 7
[04-27 17:00:27.543] [info] [tid:873403] tracker out: 7
[04-27 17:00:27.546] [info] [tid:873403] tracker out: 7
[04-27 17:00:27.582] [info] [tid:873403] tracker out: 7
[04-27 17:00:27.585] [info] [tid:873403] tracker out: 6
[04-27 17:00:27.709] [info] [tid:873403] tracker out: 6
[04-27 17:00:27.712] [info] [tid:873403] tracker out: 6
[04-27 17:00:27.737] [info] [tid:873403] tracker out: 6
[04-27 17:00:27.751] [info] [tid:873403] tracker out: 6
[04-27 17:00:27.853] [info] [tid:873403] tracker out: 6
[04-27 17:00:27.856] [info] [tid:873403] tracker out: 6
[04-27 17:00:27.892] [info] [tid:873403] tracker out: 6
[04-27 17:00:27.906] [info] [tid:873403] tracker out: 6
[04-27 17:00:28.019] [info] [tid:873403] tracker out: 7
[04-27 17:00:28.033] [info] [tid:873403] tracker out: 7
[04-27 17:00:28.047] [info] [tid:873403] tracker out: 7
[04-27 17:00:28.061] [info] [tid:873403] tracker out: 7
[04-27 17:00:28.174] [info] [tid:873403] tracker out: 7
[04-27 17:00:28.188] [info] [tid:873403] tracker out: 7
[04-27 17:00:28.202] [info] [tid:873403] tracker out: 7
[04-27 17:00:28.216] [info] [tid:873403] tracker out: 7
[04-27 17:00:28.340] [info] [tid:873403] tracker out: 7
[04-27 17:00:28.343] [info] [tid:873403] tracker out: 7
[04-27 17:00:28.368] [info] [tid:873403] tracker out: 7
[04-27 17:00:28.371] [info] [tid:873403] tracker out: 7
[04-27 17:00:28.495] [info] [tid:873403] tracker out: 7
[04-27 17:00:28.498] [info] [tid:873403] tracker out: 8
[04-27 17:00:28.545] [info] [tid:873403] tracker out: 8
[04-27 17:00:28.548] [info] [tid:873403] tracker out: 8
[04-27 17:00:28.672] [info] [tid:873403] tracker out: 8
[04-27 17:00:28.675] [info] [tid:873403] tracker out: 8
[04-27 17:00:28.689] [info] [tid:873403] tracker out: 8
[04-27 17:00:28.692] [info] [tid:873403] tracker out: 8
[04-27 17:00:28.805] [info] [tid:873403] tracker out: 8
[04-27 17:00:28.808] [info] [tid:873403] tracker out: 8
[04-27 17:00:28.855] [info] [tid:873403] tracker out: 8
[04-27 17:00:28.858] [info] [tid:873403] tracker out: 8
[04-27 17:00:28.982] [info] [tid:873403] tracker out: 8
[04-27 17:00:28.985] [info] [tid:873403] tracker out: 8
[04-27 17:00:29.010] [info] [tid:873403] tracker out: 7
[04-27 17:00:29.024] [info] [tid:873403] tracker out: 7
[04-27 17:00:29.126] [info] [tid:873403] tracker out: 7
[04-27 17:00:29.140] [info] [tid:873403] tracker out: 7
[04-27 17:00:29.165] [info] [tid:873403] tracker out: 7
[04-27 17:00:29.179] [info] [tid:873403] tracker out: 8
[04-27 17:00:29.303] [info] [tid:873403] tracker out: 8
[04-27 17:00:29.317] [info] [tid:873403] tracker out: 8
[04-27 17:00:29.320] [info] [tid:873403] tracker out: 8
[04-27 17:00:29.334] [info] [tid:873403] tracker out: 8
[04-27 17:00:29.458] [info] [tid:873403] tracker out: 8
[04-27 17:00:29.472] [info] [tid:873403] tracker out: 8
[04-27 17:00:29.498] [info] [tid:873403] tracker out: 8
[04-27 17:00:29.512] [info] [tid:873403] tracker out: 8
[04-27 17:00:29.614] [info] [tid:873403] tracker out: 9
[04-27 17:00:29.629] [info] [tid:873403] tracker out: 9
[04-27 17:00:29.643] [info] [tid:873403] tracker out: 9
[04-27 17:00:29.657] [info] [tid:873403] tracker out: 9
[04-27 17:00:29.771] [info] [tid:873403] tracker out: 8
[04-27 17:00:29.785] [info] [tid:873403] tracker out: 8
[04-27 17:00:29.821] [info] [tid:873403] tracker out: 8
[04-27 17:00:29.835] [info] [tid:873403] tracker out: 7
[04-27 17:00:29.959] [info] [tid:873403] tracker out: 7
[04-27 17:00:29.962] [info] [tid:873403] tracker out: 7
[04-27 17:00:29.976] [info] [tid:873403] tracker out: 7
[04-27 17:00:29.979] [info] [tid:873403] tracker out: 7
[04-27 17:00:30.092] [info] [tid:873403] tracker out: 7
[04-27 17:00:30.095] [info] [tid:873403] tracker out: 7
[04-27 17:00:30.142] [info] [tid:873403] tracker out: 7
[04-27 17:00:30.145] [info] [tid:873403] tracker out: 6
[04-27 17:00:30.269] [info] [tid:873403] tracker out: 6
[04-27 17:00:30.272] [info] [tid:873403] tracker out: 6
[04-27 17:00:30.286] [info] [tid:873403] tracker out: 6
[04-27 17:00:30.289] [info] [tid:873403] tracker out: 6
[04-27 17:00:30.424] [info] [tid:873403] tracker out: 6
[04-27 17:00:30.427] [info] [tid:873403] tracker out: 6
[04-27 17:00:30.463] [info] [tid:873403] tracker out: 6
[04-27 17:00:30.466] [info] [tid:873403] tracker out: 6
[04-27 17:00:30.590] [info] [tid:873403] tracker out: 7
[04-27 17:00:30.593] [info] [tid:873403] tracker out: 7
[04-27 17:00:30.607] [info] [tid:873403] tracker out: 7
[04-27 17:00:30.610] [info] [tid:873403] tracker out: 7
[04-27 17:00:30.734] [info] [tid:873403] tracker out: 7
[04-27 17:00:30.737] [info] [tid:873403] tracker out: 7
[04-27 17:00:30.773] [info] [tid:873403] tracker out: 8
[04-27 17:00:30.776] [info] [tid:873403] tracker out: 8
[04-27 17:00:30.900] [info] [tid:873403] tracker out: 8
[04-27 17:00:30.914] [info] [tid:873403] tracker out: 8
[04-27 17:00:30.928] [info] [tid:873403] tracker out: 8
[04-27 17:00:30.942] [info] [tid:873403] tracker out: 8
[04-27 17:00:31.044] [info] [tid:873403] tracker out: 8
[04-27 17:00:31.058] [info] [tid:873403] tracker out: 7
[04-27 17:00:31.094] [info] [tid:873403] tracker out: 7
[04-27 17:00:31.108] [info] [tid:873403] tracker out: 7
[04-27 17:00:31.221] [info] [tid:873403] tracker out: 7
[04-27 17:00:31.235] [info] [tid:873403] tracker out: 7
[04-27 17:00:31.238] [info] [tid:873403] tracker out: 7
[04-27 17:00:31.252] [info] [tid:873403] tracker out: 6
[04-27 17:00:31.365] [info] [tid:873403] tracker out: 6
[04-27 17:00:31.379] [info] [tid:873403] tracker out: 6
[04-27 17:00:31.415] [info] [tid:873403] tracker out: 6
[04-27 17:00:31.429] [info] [tid:873403] tracker out: 6
[04-27 17:00:31.542] [info] [tid:873403] tracker out: 7
[04-27 17:00:31.545] [info] [tid:873403] tracker out: 7
[04-27 17:00:31.570] [info] [tid:873403] tracker out: 7
[04-27 17:00:31.573] [info] [tid:873403] tracker out: 7
[04-27 17:00:31.697] [info] [tid:873403] tracker out: 7
[04-27 17:00:31.700] [info] [tid:873403] tracker out: 7
[04-27 17:00:31.736] [info] [tid:873403] tracker out: 6
[04-27 17:00:31.739] [info] [tid:873403] tracker out: 6
[04-27 17:00:31.863] [info] [tid:873403] tracker out: 6
[04-27 17:00:31.866] [info] [tid:873403] tracker out: 6
[04-27 17:00:31.891] [info] [tid:873403] tracker out: 6
[04-27 17:00:31.894] [info] [tid:873403] tracker out: 5
[04-27 17:00:32.018] [info] [tid:873403] tracker out: 5
[04-27 17:00:32.021] [info] [tid:873403] tracker out: 5
[04-27 17:00:32.046] [info] [tid:873403] tracker out: 5
[04-27 17:00:32.060] [info] [tid:873403] tracker out: 5
[04-27 17:00:32.173] [info] [tid:873403] tracker out: 5
[04-27 17:00:32.187] [info] [tid:873403] tracker out: 5
[04-27 17:00:32.190] [info] [tid:873403] tracker out: 5
[04-27 17:00:32.292] [info] [tid:873403] tracker out: 6
[04-27 17:00:32.295] [info] [tid:873403] tracker out: 6
[04-27 17:00:32.331] [info] [tid:873403] tracker out: 7
[04-27 17:00:32.334] [info] [tid:873403] tracker out: 7
[04-27 17:00:32.458] [info] [tid:873403] tracker out: 7
[04-27 17:00:32.461] [info] [tid:873403] tracker out: 7
[04-27 17:00:32.508] [info] [tid:873403] tracker out: 7
[04-27 17:00:32.511] [info] [tid:873403] tracker out: 7
[04-27 17:00:32.613] [info] [tid:873403] tracker out: 7
[04-27 17:00:32.616] [info] [tid:873403] tracker out: 7
[04-27 17:00:32.663] [info] [tid:873403] tracker out: 6
[04-27 17:00:32.666] [info] [tid:873403] tracker out: 6
[04-27 17:00:32.790] [info] [tid:873403] tracker out: 6
[04-27 17:00:32.793] [info] [tid:873403] tracker out: 6
[04-27 17:00:32.818] [info] [tid:873403] tracker out: 6
[04-27 17:00:32.832] [info] [tid:873403] tracker out: 6
[04-27 17:00:32.912] [info] [tid:873403] tracker out: 5
[04-27 17:00:32.926] [info] [tid:873403] tracker out: 5
[04-27 17:00:32.962] [info] [tid:873403] tracker out: 5
[04-27 17:00:32.976] [info] [tid:873403] tracker out: 5
[04-27 17:00:33.089] [info] [tid:873403] tracker out: 5
[04-27 17:00:33.103] [info] [tid:873403] tracker out: 5
[04-27 17:00:33.139] [info] [tid:873403] tracker out: 5
[04-27 17:00:33.153] [info] [tid:873403] tracker out: 5
[04-27 17:00:33.244] [info] [tid:873403] tracker out: 5
[04-27 17:00:33.247] [info] [tid:873403] tracker out: 5
[04-27 17:00:33.283] [info] [tid:873403] tracker out: 5
[04-27 17:00:33.286] [info] [tid:873403] tracker out: 5
[04-27 17:00:33.420] [info] [tid:873403] tracker out: 5
[04-27 17:00:33.423] [info] [tid:873403] tracker out: 5
[04-27 17:00:33.459] [info] [tid:873403] tracker out: 5
[04-27 17:00:33.462] [info] [tid:873403] tracker out: 5
[04-27 17:00:33.574] [info] [tid:873403] tracker out: 5
[04-27 17:00:33.577] [info] [tid:873403] tracker out: 5
[04-27 17:00:33.623] [info] [tid:873403] tracker out: 4
[04-27 17:00:33.625] [info] [tid:873403] tracker out: 4
[04-27 17:00:33.748] [info] [tid:873403] tracker out: 4
[04-27 17:00:33.761] [info] [tid:873403] tracker out: 4
[04-27 17:00:33.785] [info] [tid:873403] tracker out: 4
[04-27 17:00:33.798] [info] [tid:873403] tracker out: 4
[04-27 17:00:33.888] [info] [tid:873403] tracker out: 5
[04-27 17:00:33.901] [info] [tid:873403] tracker out: 5
[04-27 17:00:33.925] [info] [tid:873403] tracker out: 6
[04-27 17:00:33.939] [info] [tid:873403] tracker out: 6
[04-27 17:00:34.063] [info] [tid:873403] tracker out: 6
[04-27 17:00:34.077] [info] [tid:873403] tracker out: 6
[04-27 17:00:34.102] [info] [tid:873403] tracker out: 5
[04-27 17:00:34.116] [info] [tid:873403] tracker out: 5
[04-27 17:00:34.207] [info] [tid:873403] tracker out: 6
[04-27 17:00:34.221] [info] [tid:873403] tracker out: 6
[04-27 17:00:34.257] [info] [tid:873403] tracker out: 6
[04-27 17:00:34.260] [info] [tid:873403] tracker out: 6
[04-27 17:00:34.384] [info] [tid:873403] tracker out: 6
[04-27 17:00:34.387] [info] [tid:873403] tracker out: 6
[04-27 17:00:34.423] [info] [tid:873403] tracker out: 6
[04-27 17:00:34.426] [info] [tid:873403] tracker out: 6
[04-27 17:00:34.528] [info] [tid:873403] tracker out: 6
[04-27 17:00:34.531] [info] [tid:873403] tracker out: 6
[04-27 17:00:34.567] [info] [tid:873403] tracker out: 6
[04-27 17:00:34.570] [info] [tid:873403] tracker out: 6
[04-27 17:00:34.705] [info] [tid:873403] tracker out: 6
[04-27 17:00:34.708] [info] [tid:873403] tracker out: 6
[04-27 17:00:34.733] [info] [tid:873403] tracker out: 6
[04-27 17:00:34.747] [info] [tid:873403] tracker out: 6
[04-27 17:00:34.849] [info] [tid:873403] tracker out: 6
[04-27 17:00:34.863] [info] [tid:873403] tracker out: 6
[04-27 17:00:34.888] [info] [tid:873403] tracker out: 6
[04-27 17:00:34.902] [info] [tid:873403] tracker out: 6
[04-27 17:00:35.015] [info] [tid:873403] tracker out: 6
[04-27 17:00:35.029] [info] [tid:873403] tracker out: 6
[04-27 17:00:35.065] [info] [tid:873403] tracker out: 6
[04-27 17:00:35.079] [info] [tid:873403] tracker out: 6
[04-27 17:00:35.170] [info] [tid:873403] tracker out: 6
[04-27 17:00:35.173] [info] [tid:873403] tracker out: 6
[04-27 17:00:35.220] [info] [tid:873403] tracker out: 6
[04-27 17:00:35.223] [info] [tid:873403] tracker out: 6
[04-27 17:00:35.336] [info] [tid:873403] tracker out: 6
[04-27 17:00:35.339] [info] [tid:873403] tracker out: 6
[04-27 17:00:35.375] [info] [tid:873403] tracker out: 6
[04-27 17:00:35.378] [info] [tid:873403] tracker out: 6
[04-27 17:00:35.490] [info] [tid:873403] tracker out: 5
[04-27 17:00:35.493] [info] [tid:873403] tracker out: 5
[04-27 17:00:35.529] [info] [tid:873403] tracker out: 5
[04-27 17:00:35.532] [info] [tid:873403] tracker out: 6
[04-27 17:00:35.667] [info] [tid:873403] tracker out: 6
[04-27 17:00:35.670] [info] [tid:873403] tracker out: 6
[04-27 17:00:35.695] [info] [tid:873403] tracker out: 6
[04-27 17:00:35.709] [info] [tid:873403] tracker out: 6
[04-27 17:00:35.811] [info] [tid:873403] tracker out: 6
[04-27 17:00:35.825] [info] [tid:873403] tracker out: 6
[04-27 17:00:35.894] [info] [tid:873403] tracker out: 6
[04-27 17:00:35.908] [info] [tid:873403] tracker out: 6
[04-27 17:00:35.933] [info] [tid:873403] tracker out: 6
[04-27 17:00:35.947] [info] [tid:873403] tracker out: 6
[04-27 17:00:35.961] [info] [tid:873403] tracker out: 6
[04-27 17:00:36.096] [info] [tid:873403] tracker out: 6
[04-27 17:00:36.143] [info] [tid:873403] tracker out: 6
[04-27 17:00:36.179] [info] [tid:873403] tracker out: 6
[04-27 17:00:36.182] [info] [tid:873403] tracker out: 6
[04-27 17:00:36.218] [info] [tid:873403] tracker out: 6
[04-27 17:00:36.232] [info] [tid:873403] tracker out: 6
[04-27 17:00:36.334] [info] [tid:873403] tracker out: 6
[04-27 17:00:36.348] [info] [tid:873403] tracker out: 6
[04-27 17:00:36.362] [info] [tid:873403] tracker out: 6
[04-27 17:00:36.376] [info] [tid:873403] tracker out: 6
[04-27 17:00:36.489] [info] [tid:873403] tracker out: 6
[04-27 17:00:36.503] [info] [tid:873403] tracker out: 6
[04-27 17:00:36.528] [info] [tid:873403] tracker out: 6
[04-27 17:00:36.542] [info] [tid:873403] tracker out: 6
[04-27 17:00:36.655] [info] [tid:873403] tracker out: 6
[04-27 17:00:36.669] [info] [tid:873403] tracker out: 6
[04-27 17:00:36.683] [info] [tid:873403] tracker out: 6
[04-27 17:00:36.686] [info] [tid:873403] tracker out: 6
[04-27 17:00:36.810] [info] [tid:873403] tracker out: 6
[04-27 17:00:36.813] [info] [tid:873403] tracker out: 6
[04-27 17:00:36.849] [info] [tid:873403] tracker out: 6
[04-27 17:00:36.852] [info] [tid:873403] tracker out: 6
[04-27 17:00:36.987] [info] [tid:873403] tracker out: 6
[04-27 17:00:36.990] [info] [tid:873403] tracker out: 7
[04-27 17:00:37.004] [info] [tid:873403] tracker out: 7
[04-27 17:00:37.007] [info] [tid:873403] tracker out: 7
[04-27 17:00:37.131] [info] [tid:873403] tracker out: 7
[04-27 17:00:37.134] [info] [tid:873403] tracker out: 7
[04-27 17:00:37.170] [info] [tid:873403] tracker out: 6
[04-27 17:00:37.173] [info] [tid:873403] tracker out: 6
[04-27 17:00:37.297] [info] [tid:873403] tracker out: 6
[04-27 17:00:37.300] [info] [tid:873403] tracker out: 6
[04-27 17:00:37.325] [info] [tid:873403] tracker out: 6
[04-27 17:00:37.328] [info] [tid:873403] tracker out: 6
[04-27 17:00:37.463] [info] [tid:873403] tracker out: 6
[04-27 17:00:37.466] [info] [tid:873403] tracker out: 6
[04-27 17:00:37.502] [info] [tid:873403] tracker out: 6
[04-27 17:00:37.505] [info] [tid:873403] tracker out: 6
[04-27 17:00:37.629] [info] [tid:873403] tracker out: 6
[04-27 17:00:37.632] [info] [tid:873403] tracker out: 6
[04-27 17:00:37.646] [info] [tid:873403] tracker out: 6
[04-27 17:00:37.649] [info] [tid:873403] tracker out: 6
[04-27 17:00:37.784] [info] [tid:873403] tracker out: 6
[04-27 17:00:37.787] [info] [tid:873403] tracker out: 6
[04-27 17:00:37.812] [info] [tid:873403] tracker out: 6
[04-27 17:00:37.826] [info] [tid:873403] tracker out: 6
[04-27 17:00:37.939] [info] [tid:873403] tracker out: 7
[04-27 17:00:37.953] [info] [tid:873403] tracker out: 7
[04-27 17:00:37.967] [info] [tid:873403] tracker out: 7
[04-27 17:00:37.981] [info] [tid:873403] tracker out: 7
[04-27 17:00:38.094] [info] [tid:873403] tracker out: 7
[04-27 17:00:38.108] [info] [tid:873403] tracker out: 7
[04-27 17:00:38.111] [info] [tid:873403] tracker out: 7
[04-27 17:00:38.224] [info] [tid:873403] tracker out: 7
[04-27 17:00:38.238] [info] [tid:873403] tracker out: 7
[04-27 17:00:38.252] [info] [tid:873403] tracker out: 6
[04-27 17:00:38.277] [info] [tid:873403] tracker out: 6
[04-27 17:00:38.357] [info] [tid:873403] tracker out: 6
[04-27 17:00:38.371] [info] [tid:873403] tracker out: 6
[04-27 17:00:38.407] [info] [tid:873403] tracker out: 6
[04-27 17:00:38.421] [info] [tid:873403] tracker out: 6
[04-27 17:00:38.534] [info] [tid:873403] tracker out: 6
[04-27 17:00:38.548] [info] [tid:873403] tracker out: 6
[04-27 17:00:38.584] [info] [tid:873403] tracker out: 6
[04-27 17:00:38.598] [info] [tid:873403] tracker out: 6
[04-27 17:00:38.689] [info] [tid:873403] tracker out: 6
[04-27 17:00:38.692] [info] [tid:873403] tracker out: 6
[04-27 17:00:38.728] [info] [tid:873403] tracker out: 6
[04-27 17:00:38.731] [info] [tid:873403] tracker out: 6
[04-27 17:00:38.855] [info] [tid:873403] tracker out: 6
[04-27 17:00:38.858] [info] [tid:873403] tracker out: 6
[04-27 17:00:38.905] [info] [tid:873403] tracker out: 6
[04-27 17:00:38.908] [info] [tid:873403] tracker out: 6
[04-27 17:00:39.010] [info] [tid:873403] tracker out: 6
[04-27 17:00:39.013] [info] [tid:873403] tracker out: 6
[04-27 17:00:39.060] [info] [tid:873403] tracker out: 6
[04-27 17:00:39.063] [info] [tid:873403] tracker out: 6
[04-27 17:00:39.187] [info] [tid:873403] tracker out: 6
[04-27 17:00:39.190] [info] [tid:873403] tracker out: 6
[04-27 17:00:39.215] [info] [tid:873403] tracker out: 6
[04-27 17:00:39.229] [info] [tid:873403] tracker out: 6
[04-27 17:00:39.331] [info] [tid:873403] tracker out: 6
[04-27 17:00:39.345] [info] [tid:873403] tracker out: 6
[04-27 17:00:39.359] [info] [tid:873403] tracker out: 6
[04-27 17:00:39.373] [info] [tid:873403] tracker out: 6
[04-27 17:00:39.486] [info] [tid:873403] tracker out: 6
[04-27 17:00:39.500] [info] [tid:873403] tracker out: 7
[04-27 17:00:39.536] [info] [tid:873403] tracker out: 7
[04-27 17:00:39.550] [info] [tid:873403] tracker out: 7
[04-27 17:00:39.641] [info] [tid:873403] tracker out: 7
[04-27 17:00:39.644] [info] [tid:873403] tracker out: 7
[04-27 17:00:39.680] [info] [tid:873403] tracker out: 7
[04-27 17:00:39.683] [info] [tid:873403] tracker out: 7
[04-27 17:00:39.829] [info] [tid:873403] tracker out: 7
[04-27 17:00:39.832] [info] [tid:873403] tracker out: 7
[04-27 17:00:39.868] [info] [tid:873403] tracker out: 7
[04-27 17:00:39.871] [info] [tid:873403] tracker out: 7
[04-27 17:00:39.962] [info] [tid:873403] tracker out: 7
[04-27 17:00:39.965] [info] [tid:873403] tracker out: 7
[04-27 17:00:40.012] [info] [tid:873403] tracker out: 7
[04-27 17:00:40.015] [info] [tid:873403] tracker out: 6
[04-27 17:00:40.139] [info] [tid:873403] tracker out: 6
[04-27 17:00:40.142] [info] [tid:873403] tracker out: 6
[04-27 17:00:40.145] [info] [tid:873403] tracker out: 6
[04-27 17:00:40.247] [info] [tid:873403] tracker out: 6
[04-27 17:00:40.250] [info] [tid:873403] tracker out: 6
[04-27 17:00:40.286] [info] [tid:873403] tracker out: 6
[04-27 17:00:40.289] [info] [tid:873403] tracker out: 6
[04-27 17:00:40.424] [info] [tid:873403] tracker out: 6
[04-27 17:00:40.427] [info] [tid:873403] tracker out: 6
[04-27 17:00:40.463] [info] [tid:873403] tracker out: 6
[04-27 17:00:40.466] [info] [tid:873403] tracker out: 6
[04-27 17:00:40.568] [info] [tid:873403] tracker out: 5
[04-27 17:00:40.571] [info] [tid:873403] tracker out: 6
[04-27 17:00:40.607] [info] [tid:873403] tracker out: 6
[04-27 17:00:40.610] [info] [tid:873403] tracker out: 6
[04-27 17:00:40.745] [info] [tid:873403] tracker out: 6
[04-27 17:00:40.748] [info] [tid:873403] tracker out: 6
[04-27 17:00:40.773] [info] [tid:873403] tracker out: 6
[04-27 17:00:40.787] [info] [tid:873403] tracker out: 6
[04-27 17:00:40.878] [info] [tid:873403] tracker out: 6
[04-27 17:00:40.892] [info] [tid:873403] tracker out: 6
[04-27 17:00:40.928] [info] [tid:873403] tracker out: 6
[04-27 17:00:40.942] [info] [tid:873403] tracker out: 6
[04-27 17:00:41.055] [info] [tid:873403] tracker out: 6
[04-27 17:00:41.069] [info] [tid:873403] tracker out: 6
[04-27 17:00:41.094] [info] [tid:873403] tracker out: 7
[04-27 17:00:41.108] [info] [tid:873403] tracker out: 7
[04-27 17:00:41.210] [info] [tid:873403] tracker out: 7
[04-27 17:00:41.224] [info] [tid:873403] tracker out: 7
[04-27 17:00:41.249] [info] [tid:873403] tracker out: 7
[04-27 17:00:41.263] [info] [tid:873403] tracker out: 7
[04-27 17:00:41.376] [info] [tid:873403] tracker out: 7
[04-27 17:00:41.390] [info] [tid:873403] tracker out: 7
[04-27 17:00:41.426] [info] [tid:873403] tracker out: 7
[04-27 17:00:41.440] [info] [tid:873403] tracker out: 7
[04-27 17:00:41.531] [info] [tid:873403] tracker out: 7
[04-27 17:00:41.545] [info] [tid:873403] tracker out: 7
[04-27 17:00:41.548] [info] [tid:873403] tracker out: 7
[04-27 17:00:41.661] [info] [tid:873403] tracker out: 7
[04-27 17:00:41.664] [info] [tid:873403] tracker out: 6
[04-27 17:00:41.700] [info] [tid:873403] tracker out: 5
[04-27 17:00:41.702] [info] [tid:873403] tracker out: 5
[04-27 17:00:41.803] [info] [tid:873403] tracker out: 5
[04-27 17:00:41.805] [info] [tid:873403] tracker out: 5
[04-27 17:00:41.840] [info] [tid:873403] tracker out: 5
[04-27 17:00:41.843] [info] [tid:873403] tracker out: 5
[04-27 17:00:41.977] [info] [tid:873403] tracker out: 5
[04-27 17:00:41.980] [info] [tid:873403] tracker out: 5
[04-27 17:00:42.016] [info] [tid:873403] tracker out: 5
[04-27 17:00:42.019] [info] [tid:873403] tracker out: 6
[04-27 17:00:42.132] [info] [tid:873403] tracker out: 6
[04-27 17:00:42.135] [info] [tid:873403] tracker out: 5
[04-27 17:00:42.171] [info] [tid:873403] tracker out: 5
[04-27 17:00:42.174] [info] [tid:873403] tracker out: 5
[04-27 17:00:42.297] [info] [tid:873403] tracker out: 5
[04-27 17:00:42.300] [info] [tid:873403] tracker out: 5
[04-27 17:00:42.347] [info] [tid:873403] tracker out: 5
[04-27 17:00:42.350] [info] [tid:873403] tracker out: 5
[04-27 17:00:42.430] [info] [tid:873403] tracker out: 5
[04-27 17:00:42.433] [info] [tid:873403] tracker out: 5
[04-27 17:00:42.447] [info] [tid:873403] tracker out: 5
[04-27 17:00:42.450] [info] [tid:873403] tracker out: 5
[04-27 17:00:42.464] [info] [tid:873403] tracker out: 5
[04-27 17:00:42.577] [info] [tid:873403] tracker out: 5
[04-27 17:00:42.591] [info] [tid:873403] tracker out: 5
[04-27 17:00:42.616] [info] [tid:873403] tracker out: 9
[04-27 17:00:42.631] [info] [tid:873403] tracker out: 7
[04-27 17:00:42.745] [info] [tid:873403] tracker out: 7
[04-27 17:00:42.759] [info] [tid:873403] tracker out: 8
[04-27 17:00:42.773] [info] [tid:873403] tracker out: 8
[04-27 17:00:42.788] [info] [tid:873403] tracker out: 8
[04-27 17:00:42.890] [info] [tid:873403] tracker out: 7
[04-27 17:00:42.904] [info] [tid:873403] tracker out: 7
[04-27 17:00:42.929] [info] [tid:873403] tracker out: 6
[04-27 17:00:42.943] [info] [tid:873403] tracker out: 6
[04-27 17:00:43.056] [info] [tid:873403] tracker out: 6
[04-27 17:00:43.070] [info] [tid:873403] tracker out: 6
[04-27 17:00:43.095] [info] [tid:873403] tracker out: 6
[04-27 17:00:43.098] [info] [tid:873403] tracker out: 6
[04-27 17:00:43.222] [info] [tid:873403] tracker out: 6
[04-27 17:00:43.225] [info] [tid:873403] tracker out: 7
[04-27 17:00:43.250] [info] [tid:873403] tracker out: 7
[04-27 17:00:43.264] [info] [tid:873403] tracker out: 6
[04-27 17:00:43.377] [info] [tid:873403] tracker out: 6
[04-27 17:00:43.391] [info] [tid:873403] tracker out: 6
[04-27 17:00:43.405] [info] [tid:873403] tracker out: 6
[04-27 17:00:43.419] [info] [tid:873403] tracker out: 6
[04-27 17:00:43.532] [info] [tid:873403] tracker out: 6
[04-27 17:00:43.546] [info] [tid:873403] tracker out: 6
[04-27 17:00:43.571] [info] [tid:873403] tracker out: 6
[04-27 17:00:43.585] [info] [tid:873403] tracker out: 6
[04-27 17:00:43.709] [info] [tid:873403] tracker out: 6
[04-27 17:00:43.712] [info] [tid:873403] tracker out: 6
[04-27 17:00:43.726] [info] [tid:873403] tracker out: 6
[04-27 17:00:43.729] [info] [tid:873403] tracker out: 6
[04-27 17:00:43.853] [info] [tid:873403] tracker out: 6
[04-27 17:00:43.856] [info] [tid:873403] tracker out: 6
[04-27 17:00:43.925] [info] [tid:873403] tracker out: 7
[04-27 17:00:43.928] [info] [tid:873403] tracker out: 7
[04-27 17:00:44.030] [info] [tid:873403] tracker out: 7
[04-27 17:00:44.033] [info] [tid:873403] tracker out: 7
[04-27 17:00:44.047] [info] [tid:873403] tracker out: 7
[04-27 17:00:44.050] [info] [tid:873403] tracker out: 7
[04-27 17:00:44.163] [info] [tid:873403] tracker out: 7
[04-27 17:00:44.177] [info] [tid:873403] tracker out: 7
[04-27 17:00:44.213] [info] [tid:873403] tracker out: 7
[04-27 17:00:44.227] [info] [tid:873403] tracker out: 6
[04-27 17:00:44.340] [info] [tid:873403] tracker out: 6
[04-27 17:00:44.354] [info] [tid:873403] tracker out: 6
[04-27 17:00:44.357] [info] [tid:873403] tracker out: 6
[04-27 17:00:44.371] [info] [tid:873403] tracker out: 6
[04-27 17:00:44.484] [info] [tid:873403] tracker out: 6
[04-27 17:00:44.498] [info] [tid:873403] tracker out: 6
[04-27 17:00:44.567] [info] [tid:873403] tracker out: 6
[04-27 17:00:44.581] [info] [tid:873403] tracker out: 5
[04-27 17:00:44.617] [info] [tid:873403] tracker out: 5
[04-27 17:00:44.620] [info] [tid:873403] tracker out: 5
[04-27 17:00:44.744] [info] [tid:873403] tracker out: 5
[04-27 17:00:44.747] [info] [tid:873403] tracker out: 5
[04-27 17:00:44.772] [info] [tid:873403] tracker out: 5
[04-27 17:00:44.775] [info] [tid:873403] tracker out: 6
[04-27 17:00:44.899] [info] [tid:873403] tracker out: 6
[04-27 17:00:44.902] [info] [tid:873403] tracker out: 6
[04-27 17:00:44.949] [info] [tid:873403] tracker out: 6
[04-27 17:00:44.952] [info] [tid:873403] tracker out: 6
[04-27 17:00:45.054] [info] [tid:873403] tracker out: 6
[04-27 17:00:45.057] [info] [tid:873403] tracker out: 7
[04-27 17:00:45.093] [info] [tid:873403] tracker out: 7
[04-27 17:00:45.096] [info] [tid:873403] tracker out: 8
[04-27 17:00:45.220] [info] [tid:873403] tracker out: 8
[04-27 17:00:45.223] [info] [tid:873403] tracker out: 9
[04-27 17:00:45.260] [info] [tid:873403] tracker out: 9
[04-27 17:00:45.264] [info] [tid:873403] tracker out: 9
[04-27 17:00:45.378] [info] [tid:873403] tracker out: 9
[04-27 17:00:45.382] [info] [tid:873403] tracker out: 9
[04-27 17:00:45.408] [info] [tid:873403] tracker out: 9
[04-27 17:00:45.412] [info] [tid:873403] tracker out: 9
[04-27 17:00:45.536] [info] [tid:873403] tracker out: 9
[04-27 17:00:45.540] [info] [tid:873403] tracker out: 9
[04-27 17:00:45.588] [info] [tid:873403] tracker out: 8
[04-27 17:00:45.592] [info] [tid:873403] tracker out: 8
[04-27 17:00:45.683] [info] [tid:873403] tracker out: 8
[04-27 17:00:45.687] [info] [tid:873403] tracker out: 8
[04-27 17:00:45.735] [info] [tid:873403] tracker out: 8
[04-27 17:00:45.739] [info] [tid:873403] tracker out: 9
[04-27 17:00:45.864] [info] [tid:873403] tracker out: 9
[04-27 17:00:45.868] [info] [tid:873403] tracker out: 9
[04-27 17:00:45.916] [info] [tid:873403] tracker out: 9
[04-27 17:00:45.920] [info] [tid:873403] tracker out: 9
[04-27 17:00:46.011] [info] [tid:873403] tracker out: 9
[04-27 17:00:46.015] [info] [tid:873403] tracker out: 9
[04-27 17:00:46.052] [info] [tid:873403] tracker out: 9
[04-27 17:00:46.056] [info] [tid:873403] tracker out: 9
[04-27 17:00:46.181] [info] [tid:873403] tracker out: 9
[04-27 17:00:46.185] [info] [tid:873403] tracker out: 9
[04-27 17:00:46.233] [info] [tid:873403] tracker out: 9
[04-27 17:00:46.237] [info] [tid:873403] tracker out: 9
[04-27 17:00:46.328] [info] [tid:873403] tracker out: 9
[04-27 17:00:46.332] [info] [tid:873403] tracker out: 9
[04-27 17:00:46.368] [info] [tid:873403] tracker out: 9
[04-27 17:00:46.372] [info] [tid:873403] tracker out: 9
[04-27 17:00:46.507] [info] [tid:873403] tracker out: 9
[04-27 17:00:46.511] [info] [tid:873403] tracker out: 8
[04-27 17:00:46.537] [info] [tid:873403] tracker out: 8
[04-27 17:00:46.540] [info] [tid:873403] tracker out: 8
[04-27 17:00:46.642] [info] [tid:873403] tracker out: 8
[04-27 17:00:46.645] [info] [tid:873403] tracker out: 8
[04-27 17:00:46.692] [info] [tid:873403] tracker out: 9
[04-27 17:00:46.696] [info] [tid:873403] tracker out: 9
[04-27 17:00:46.821] [info] [tid:873403] tracker out: 9
[04-27 17:00:46.824] [info] [tid:873403] tracker out: 9
[04-27 17:00:46.860] [info] [tid:873403] tracker out: 8
[04-27 17:00:46.863] [info] [tid:873403] tracker out: 8
[04-27 17:00:46.976] [info] [tid:873403] tracker out: 8
[04-27 17:00:46.979] [info] [tid:873403] tracker out: 9
[04-27 17:00:47.004] [info] [tid:873403] tracker out: 9
[04-27 17:00:47.008] [info] [tid:873403] tracker out: 9
[04-27 17:00:47.133] [info] [tid:873403] tracker out: 9
[04-27 17:00:47.137] [info] [tid:873403] tracker out: 9
[04-27 17:00:47.173] [info] [tid:873403] tracker out: 9
[04-27 17:00:47.177] [info] [tid:873403] tracker out: 9
[04-27 17:00:47.290] [info] [tid:873403] tracker out: 9
[04-27 17:00:47.294] [info] [tid:873403] tracker out: 8
[04-27 17:00:47.330] [info] [tid:873403] tracker out: 8
[04-27 17:00:47.333] [info] [tid:873403] tracker out: 8
[04-27 17:00:47.468] [info] [tid:873403] tracker out: 7
[04-27 17:00:47.471] [info] [tid:873403] tracker out: 7
[04-27 17:00:47.496] [info] [tid:873403] tracker out: 7
[04-27 17:00:47.510] [info] [tid:873403] tracker out: 7
[04-27 17:00:47.612] [info] [tid:873403] tracker out: 7
[04-27 17:00:47.626] [info] [tid:873403] tracker out: 8
[04-27 17:00:47.651] [info] [tid:873403] tracker out: 8
[04-27 17:00:47.665] [info] [tid:873403] tracker out: 8
[04-27 17:00:47.778] [info] [tid:873403] tracker out: 8
[04-27 17:00:47.792] [info] [tid:873403] tracker out: 7
[04-27 17:00:47.861] [info] [tid:873403] tracker out: 7
[04-27 17:00:47.875] [info] [tid:873403] tracker out: 7
[04-27 17:00:47.878] [info] [tid:873403] tracker out: 7
[04-27 17:00:47.892] [info] [tid:873403] tracker out: 7
[04-27 17:00:48.006] [info] [tid:873403] tracker out: 7
[04-27 17:00:48.020] [info] [tid:873403] tracker out: 8
[04-27 17:00:48.067] [info] [tid:873403] tracker out: 8
[04-27 17:00:48.070] [info] [tid:873403] tracker out: 8
[04-27 17:00:48.194] [info] [tid:873403] tracker out: 8
[04-27 17:00:48.197] [info] [tid:873403] tracker out: 8
[04-27 17:00:48.211] [info] [tid:873403] tracker out: 8
[04-27 17:00:48.214] [info] [tid:873403] tracker out: 8
[04-27 17:00:48.338] [info] [tid:873403] tracker out: 8
[04-27 17:00:48.341] [info] [tid:873403] tracker out: 8
[04-27 17:00:48.377] [info] [tid:873403] tracker out: 8
[04-27 17:00:48.380] [info] [tid:873403] tracker out: 8
[04-27 17:00:48.504] [info] [tid:873403] tracker out: 8
[04-27 17:00:48.508] [info] [tid:873403] tracker out: 8
[04-27 17:00:48.523] [info] [tid:873403] tracker out: 8
[04-27 17:00:48.537] [info] [tid:873403] tracker out: 8
[04-27 17:00:48.650] [info] [tid:873403] tracker out: 8
[04-27 17:00:48.665] [info] [tid:873403] tracker out: 9
[04-27 17:00:48.691] [info] [tid:873403] tracker out: 9
[04-27 17:00:48.706] [info] [tid:873403] tracker out: 9
[04-27 17:00:48.820] [info] [tid:873403] tracker out: 9
[04-27 17:00:48.835] [info] [tid:873403] tracker out: 9
[04-27 17:00:48.839] [info] [tid:873403] tracker out: 9
[04-27 17:00:48.853] [info] [tid:873403] tracker out: 9
[04-27 17:00:48.967] [info] [tid:873403] tracker out: 9
[04-27 17:00:48.982] [info] [tid:873403] tracker out: 9
[04-27 17:00:49.008] [info] [tid:873403] tracker out: 9
[04-27 17:00:49.023] [info] [tid:873403] tracker out: 9
[04-27 17:00:49.148] [info] [tid:873403] tracker out: 8
[04-27 17:00:49.152] [info] [tid:873403] tracker out: 8
[04-27 17:00:49.167] [info] [tid:873403] tracker out: 8
[04-27 17:00:49.171] [info] [tid:873403] tracker out: 8
[04-27 17:00:49.296] [info] [tid:873403] tracker out: 8
[04-27 17:00:49.300] [info] [tid:873403] tracker out: 8
[04-27 17:00:49.347] [info] [tid:873403] tracker out: 9
[04-27 17:00:49.351] [info] [tid:873403] tracker out: 9
[04-27 17:00:49.464] [info] [tid:873403] tracker out: 9
[04-27 17:00:49.468] [info] [tid:873403] tracker out: 9
[04-27 17:00:49.482] [info] [tid:873403] tracker out: 9
[04-27 17:00:49.486] [info] [tid:873403] tracker out: 9
[04-27 17:00:49.611] [info] [tid:873403] tracker out: 9
[04-27 17:00:49.615] [info] [tid:873403] tracker out: 9
[04-27 17:00:49.662] [info] [tid:873403] tracker out: 9
[04-27 17:00:49.666] [info] [tid:873403] tracker out: 9
[04-27 17:00:49.779] [info] [tid:873403] tracker out: 9
[04-27 17:00:49.783] [info] [tid:873403] tracker out: 9
[04-27 17:00:49.809] [info] [tid:873403] tracker out: 9
[04-27 17:00:49.813] [info] [tid:873403] tracker out: 9
[04-27 17:00:49.938] [info] [tid:873403] tracker out: 9
[04-27 17:00:49.942] [info] [tid:873403] tracker out: 9
[04-27 17:00:50.001] [info] [tid:873403] tracker out: 9
[04-27 17:00:50.016] [info] [tid:873403] tracker out: 9
[04-27 17:00:50.097] [info] [tid:873403] tracker out: 9
[04-27 17:00:50.112] [info] [tid:873403] tracker out: 9
[04-27 17:00:50.127] [info] [tid:873403] tracker out: 9
[04-27 17:00:50.142] [info] [tid:873403] tracker out: 9
[04-27 17:00:50.245] [info] [tid:873403] tracker out: 9
[04-27 17:00:50.260] [info] [tid:873403] tracker out: 10
[04-27 17:00:50.297] [info] [tid:873403] tracker out: 10
[04-27 17:00:50.312] [info] [tid:873403] tracker out: 11
[04-27 17:00:50.426] [info] [tid:873403] tracker out: 11
[04-27 17:00:50.441] [info] [tid:873403] tracker out: 10
[04-27 17:00:50.456] [info] [tid:873403] tracker out: 10
[04-27 17:00:50.460] [info] [tid:873403] tracker out: 10
[04-27 17:00:50.574] [info] [tid:873403] tracker out: 9
[04-27 17:00:50.578] [info] [tid:873403] tracker out: 9
[04-27 17:00:50.626] [info] [tid:873403] tracker out: 9
[04-27 17:00:50.630] [info] [tid:873403] tracker out: 9
[04-27 17:00:50.744] [info] [tid:873403] tracker out: 9
[04-27 17:00:50.748] [info] [tid:873403] tracker out: 9
[04-27 17:00:50.774] [info] [tid:873403] tracker out: 9
[04-27 17:00:50.778] [info] [tid:873403] tracker out: 9
[04-27 17:00:50.903] [info] [tid:873403] tracker out: 9
[04-27 17:00:50.918] [info] [tid:873403] tracker out: 9
[04-27 17:00:50.933] [info] [tid:873403] tracker out: 10
[04-27 17:00:50.948] [info] [tid:873403] tracker out: 10
[04-27 17:00:51.062] [info] [tid:873403] tracker out: 10
[04-27 17:00:51.077] [info] [tid:873403] tracker out: 10
[04-27 17:00:51.081] [info] [tid:873403] tracker out: 10
[04-27 17:00:51.096] [info] [tid:873403] tracker out: 9
[04-27 17:00:51.210] [info] [tid:873403] tracker out: 9
[04-27 17:00:51.225] [info] [tid:873403] tracker out: 8
[04-27 17:00:51.251] [info] [tid:873403] tracker out: 8
[04-27 17:00:51.266] [info] [tid:873403] tracker out: 8
[04-27 17:00:51.380] [info] [tid:873403] tracker out: 8
[04-27 17:00:51.395] [info] [tid:873403] tracker out: 8
[04-27 17:00:51.410] [info] [tid:873403] tracker out: 8
[04-27 17:00:51.425] [info] [tid:873403] tracker out: 8
[04-27 17:00:51.539] [info] [tid:873403] tracker out: 8
[04-27 17:00:51.543] [info] [tid:873403] tracker out: 9
[04-27 17:00:51.580] [info] [tid:873403] tracker out: 8
[04-27 17:00:51.584] [info] [tid:873403] tracker out: 8
[04-27 17:00:51.697] [info] [tid:873403] tracker out: 8
[04-27 17:00:51.701] [info] [tid:873403] tracker out: 8
[04-27 17:00:51.727] [info] [tid:873403] tracker out: 8
[04-27 17:00:51.731] [info] [tid:873403] tracker out: 8
[04-27 17:00:51.856] [info] [tid:873403] tracker out: 8
[04-27 17:00:51.860] [info] [tid:873403] tracker out: 8
[04-27 17:00:51.897] [info] [tid:873403] tracker out: 8
[04-27 17:00:51.901] [info] [tid:873403] tracker out: 8
[04-27 17:00:52.026] [info] [tid:873403] tracker out: 8
[04-27 17:00:52.030] [info] [tid:873403] tracker out: 8
[04-27 17:00:52.044] [info] [tid:873403] tracker out: 8
[04-27 17:00:52.048] [info] [tid:873403] tracker out: 8
[04-27 17:00:52.173] [info] [tid:873403] tracker out: 9
[04-27 17:00:52.177] [info] [tid:873403] tracker out: 8
[04-27 17:00:52.214] [info] [tid:873403] tracker out: 8
[04-27 17:00:52.218] [info] [tid:873403] tracker out: 8
[04-27 17:00:52.342] [info] [tid:873403] tracker out: 8
[04-27 17:00:52.346] [info] [tid:873403] tracker out: 7
[04-27 17:00:52.371] [info] [tid:873403] tracker out: 7
[04-27 17:00:52.374] [info] [tid:873403] tracker out: 7
[04-27 17:00:52.410] [info] [tid:873403] tracker out: 7
[04-27 17:00:52.413] [info] [tid:873403] tracker out: 7
[04-27 17:00:52.571] [info] [tid:873403] tracker out: 7
[04-27 17:00:52.618] [info] [tid:873403] tracker out: 6
[04-27 17:00:52.665] [info] [tid:873403] tracker out: 7
[04-27 17:00:52.669] [info] [tid:873403] tracker out: 7
[04-27 17:00:52.683] [info] [tid:873403] tracker out: 7
[04-27 17:00:52.752] [info] [tid:873403] tracker out: 7
[04-27 17:00:52.767] [info] [tid:873403] tracker out: 6
[04-27 17:00:52.803] [info] [tid:873403] tracker out: 6
[04-27 17:00:52.817] [info] [tid:873403] tracker out: 6
[04-27 17:00:52.941] [info] [tid:873403] tracker out: 7
[04-27 17:00:52.944] [info] [tid:873403] tracker out: 7
[04-27 17:00:52.991] [info] [tid:873403] tracker out: 7
[04-27 17:00:52.994] [info] [tid:873403] tracker out: 7
[04-27 17:00:53.085] [info] [tid:873403] tracker out: 7
[04-27 17:00:53.088] [info] [tid:873403] tracker out: 7
[04-27 17:00:53.124] [info] [tid:873403] tracker out: 7
[04-27 17:00:53.127] [info] [tid:873403] tracker out: 8
[04-27 17:00:53.262] [info] [tid:873403] tracker out: 8
[04-27 17:00:53.266] [info] [tid:873403] tracker out: 7
[04-27 17:00:53.280] [info] [tid:873403] tracker out: 7
[04-27 17:00:53.372] [info] [tid:873403] tracker out: 7
[04-27 17:00:53.387] [info] [tid:873403] tracker out: 8
[04-27 17:00:53.413] [info] [tid:873403] tracker out: 7
[04-27 17:00:53.428] [info] [tid:873403] tracker out: 7
[04-27 17:00:53.542] [info] [tid:873403] tracker out: 7
[04-27 17:00:53.557] [info] [tid:873403] tracker out: 7
[04-27 17:00:53.583] [info] [tid:873403] tracker out: 7
[04-27 17:00:53.597] [info] [tid:873403] tracker out: 8
[04-27 17:00:53.678] [info] [tid:873403] tracker out: 8
[04-27 17:00:53.737] [info] [tid:873403] tracker out: 8
[04-27 17:00:53.741] [info] [tid:873403] tracker out: 8
[04-27 17:00:53.778] [info] [tid:873403] tracker out: 8
[04-27 17:00:53.793] [info] [tid:873403] tracker out: 8
[04-27 17:00:53.907] [info] [tid:873403] tracker out: 8
[04-27 17:00:53.922] [info] [tid:873403] tracker out: 9
[04-27 17:00:53.970] [info] [tid:873403] tracker out: 9
[04-27 17:00:53.985] [info] [tid:873403] tracker out: 9
[04-27 17:00:54.055] [info] [tid:873403] tracker out: 9
[04-27 17:00:54.070] [info] [tid:873403] tracker out: 9
[04-27 17:00:54.085] [info] [tid:873403] tracker out: 9
[04-27 17:00:54.100] [info] [tid:873403] tracker out: 9
[04-27 17:00:54.225] [info] [tid:873403] tracker out: 8
[04-27 17:00:54.262] [info] [tid:873403] tracker out: 8
[04-27 17:00:54.266] [info] [tid:873403] tracker out: 7
[04-27 17:00:54.335] [info] [tid:873403] tracker out: 7
[04-27 17:00:54.339] [info] [tid:873403] tracker out: 8
[04-27 17:00:54.420] [info] [tid:873403] tracker out: 8
[04-27 17:00:54.424] [info] [tid:873403] tracker out: 9
[04-27 17:00:54.461] [info] [tid:873403] tracker out: 9
[04-27 17:00:54.465] [info] [tid:873403] tracker out: 9
[04-27 17:00:54.590] [info] [tid:873403] tracker out: 8
[04-27 17:00:54.605] [info] [tid:873403] tracker out: 8
[04-27 17:00:54.620] [info] [tid:873403] tracker out: 6
[04-27 17:00:54.645] [info] [tid:873403] tracker out: 6
[04-27 17:00:54.659] [info] [tid:873403] tracker out: 6
[04-27 17:00:54.783] [info] [tid:873403] tracker out: 7
[04-27 17:00:54.797] [info] [tid:873403] tracker out: 8
[04-27 17:00:54.801] [info] [tid:873403] tracker out: 8
[04-27 17:00:54.904] [info] [tid:873403] tracker out: 8
[04-27 17:00:54.908] [info] [tid:873403] tracker out: 8
[04-27 17:00:54.922] [info] [tid:873403] tracker out: 8
[04-27 17:00:55.013] [info] [tid:873403] tracker out: 9
[04-27 17:00:55.061] [info] [tid:873403] tracker out: 9
[04-27 17:00:55.076] [info] [tid:873403] tracker out: 9
[04-27 17:00:55.091] [info] [tid:873403] tracker out: 10
[04-27 17:00:55.106] [info] [tid:873403] tracker out: 10
[04-27 17:00:55.220] [info] [tid:873403] tracker out: 10
[04-27 17:00:55.235] [info] [tid:873403] tracker out: 10
[04-27 17:00:55.250] [info] [tid:873403] tracker out: 10
[04-27 17:00:55.265] [info] [tid:873403] tracker out: 10
[04-27 17:00:55.379] [info] [tid:873403] tracker out: 10
[04-27 17:00:55.383] [info] [tid:873403] tracker out: 10
[04-27 17:00:55.420] [info] [tid:873403] tracker out: 10
[04-27 17:00:55.424] [info] [tid:873403] tracker out: 10
[04-27 17:00:55.549] [info] [tid:873403] tracker out: 10
[04-27 17:00:55.553] [info] [tid:873403] tracker out: 7
[04-27 17:00:55.567] [info] [tid:873403] tracker out: 7
[04-27 17:00:55.570] [info] [tid:873403] tracker out: 7
[04-27 17:00:55.694] [info] [tid:873403] tracker out: 7
[04-27 17:00:55.708] [info] [tid:873403] tracker out: 7
[04-27 17:00:55.744] [info] [tid:873403] tracker out: 7
[04-27 17:00:55.758] [info] [tid:873403] tracker out: 7
[04-27 17:00:55.860] [info] [tid:873403] tracker out: 7
[04-27 17:00:55.874] [info] [tid:873403] tracker out: 7
[04-27 17:00:55.877] [info] [tid:873403] tracker out: 7
[04-27 17:00:55.979] [info] [tid:873403] tracker out: 7
[04-27 17:00:55.982] [info] [tid:873403] tracker out: 6
[04-27 17:00:56.018] [info] [tid:873403] tracker out: 6
[04-27 17:00:56.032] [info] [tid:873403] tracker out: 5
[04-27 17:00:56.134] [info] [tid:873403] tracker out: 5
[04-27 17:00:56.148] [info] [tid:873403] tracker out: 5
[04-27 17:00:56.184] [info] [tid:873403] tracker out: 5
[04-27 17:00:56.198] [info] [tid:873403] tracker out: 6
[04-27 17:00:56.290] [info] [tid:873403] tracker out: 7
[04-27 17:00:56.304] [info] [tid:873403] tracker out: 7
[04-27 17:00:56.329] [info] [tid:873403] tracker out: 7
[04-27 17:00:56.343] [info] [tid:873403] tracker out: 6
[04-27 17:00:56.456] [info] [tid:873403] tracker out: 6
[04-27 17:00:56.470] [info] [tid:873403] tracker out: 6
[04-27 17:00:56.495] [info] [tid:873403] tracker out: 5
[04-27 17:00:56.509] [info] [tid:873403] tracker out: 5
[04-27 17:00:56.611] [info] [tid:873403] tracker out: 5
[04-27 17:00:56.614] [info] [tid:873403] tracker out: 5
[04-27 17:00:56.650] [info] [tid:873403] tracker out: 5
[04-27 17:00:56.653] [info] [tid:873403] tracker out: 5
[04-27 17:00:56.777] [info] [tid:873403] tracker out: 5
[04-27 17:00:56.780] [info] [tid:873403] tracker out: 5
[04-27 17:00:56.827] [info] [tid:873403] tracker out: 6
[04-27 17:00:56.830] [info] [tid:873403] tracker out: 7
[04-27 17:00:56.921] [info] [tid:873403] tracker out: 7
[04-27 17:00:56.935] [info] [tid:873403] tracker out: 7
[04-27 17:00:56.972] [info] [tid:873403] tracker out: 7
[04-27 17:00:56.976] [info] [tid:873403] tracker out: 7
[04-27 17:00:57.112] [info] [tid:873403] tracker out: 7
[04-27 17:00:57.116] [info] [tid:873403] tracker out: 7
[04-27 17:00:57.142] [info] [tid:873403] tracker out: 7
[04-27 17:00:57.145] [info] [tid:873403] tracker out: 7
[04-27 17:00:57.247] [info] [tid:873403] tracker out: 7
[04-27 17:00:57.250] [info] [tid:873403] tracker out: 7
[04-27 17:00:57.297] [info] [tid:873403] tracker out: 7
[04-27 17:00:57.311] [info] [tid:873403] tracker out: 7
[04-27 17:00:57.424] [info] [tid:873403] tracker out: 7
[04-27 17:00:57.438] [info] [tid:873403] tracker out: 7
[04-27 17:00:57.463] [info] [tid:873403] tracker out: 7
[04-27 17:00:57.477] [info] [tid:873403] tracker out: 7
[04-27 17:00:57.568] [info] [tid:873403] tracker out: 7
[04-27 17:00:57.583] [info] [tid:873403] tracker out: 7
[04-27 17:00:57.608] [info] [tid:873403] tracker out: 8
[04-27 17:00:57.623] [info] [tid:873403] tracker out: 8
[04-27 17:00:57.736] [info] [tid:873403] tracker out: 8
[04-27 17:00:57.751] [info] [tid:873403] tracker out: 8
[04-27 17:00:57.788] [info] [tid:873403] tracker out: 7
[04-27 17:00:57.802] [info] [tid:873403] tracker out: 7
[04-27 17:00:57.882] [info] [tid:873403] tracker out: 6
[04-27 17:00:57.896] [info] [tid:873403] tracker out: 6
[04-27 17:00:57.932] [info] [tid:873403] tracker out: 7
[04-27 17:00:57.935] [info] [tid:873403] tracker out: 8
[04-27 17:00:58.059] [info] [tid:873403] tracker out: 8
[04-27 17:00:58.062] [info] [tid:873403] tracker out: 8
[04-27 17:00:58.131] [info] [tid:873403] tracker out: 8
[04-27 17:00:58.134] [info] [tid:873403] tracker out: 7
[04-27 17:00:58.170] [info] [tid:873403] tracker out: 7
[04-27 17:00:58.173] [info] [tid:873403] tracker out: 7
[04-27 17:00:58.286] [info] [tid:873403] tracker out: 7
[04-27 17:00:58.289] [info] [tid:873403] tracker out: 7
[04-27 17:00:58.336] [info] [tid:873403] tracker out: 6
[04-27 17:00:58.350] [info] [tid:873403] tracker out: 6
[04-27 17:00:58.441] [info] [tid:873403] tracker out: 6
[04-27 17:00:58.455] [info] [tid:873403] tracker out: 7
[04-27 17:00:58.491] [info] [tid:873403] tracker out: 7
[04-27 17:00:58.505] [info] [tid:873403] tracker out: 7
[04-27 17:00:58.618] [info] [tid:873403] tracker out: 7
[04-27 17:00:58.632] [info] [tid:873403] tracker out: 7
[04-27 17:00:58.657] [info] [tid:873403] tracker out: 7
[04-27 17:00:58.671] [info] [tid:873403] tracker out: 7
[04-27 17:00:58.762] [info] [tid:873403] tracker out: 7
[04-27 17:00:58.776] [info] [tid:873403] tracker out: 8
[04-27 17:00:58.791] [info] [tid:873403] tracker out: 8
[04-27 17:00:58.805] [info] [tid:873403] tracker out: 8
[04-27 17:00:58.940] [info] [tid:873403] tracker out: 8
[04-27 17:00:58.943] [info] [tid:873403] tracker out: 7
[04-27 17:00:58.990] [info] [tid:873403] tracker out: 7
[04-27 17:00:58.993] [info] [tid:873403] tracker out: 7
[04-27 17:00:59.084] [info] [tid:873403] tracker out: 7
[04-27 17:00:59.087] [info] [tid:873403] tracker out: 7
[04-27 17:00:59.134] [info] [tid:873403] tracker out: 7
[04-27 17:00:59.137] [info] [tid:873403] tracker out: 7
[04-27 17:00:59.261] [info] [tid:873403] tracker out: 7
[04-27 17:00:59.264] [info] [tid:873403] tracker out: 8
[04-27 17:00:59.300] [info] [tid:873403] tracker out: 8
[04-27 17:00:59.314] [info] [tid:873403] tracker out: 8
[04-27 17:00:59.405] [info] [tid:873403] tracker out: 8
[04-27 17:00:59.419] [info] [tid:873403] tracker out: 8
[04-27 17:00:59.445] [info] [tid:873403] tracker out: 8
[04-27 17:00:59.460] [info] [tid:873403] tracker out: 8
[04-27 17:00:59.585] [info] [tid:873403] tracker out: 8
[04-27 17:00:59.589] [info] [tid:873403] tracker out: 8
[04-27 17:00:59.614] [info] [tid:873403] tracker out: 8
[04-27 17:00:59.618] [info] [tid:873403] tracker out: 9
[04-27 17:00:59.720] [info] [tid:873403] tracker out: 9
[04-27 17:00:59.724] [info] [tid:873403] tracker out: 9
[04-27 17:00:59.771] [info] [tid:873403] tracker out: 8
[04-27 17:00:59.785] [info] [tid:873403] tracker out: 8
[04-27 17:00:59.898] [info] [tid:873403] tracker out: 8
[04-27 17:00:59.912] [info] [tid:873403] tracker out: 8
[04-27 17:00:59.937] [info] [tid:873403] tracker out: 8
[04-27 17:00:59.951] [info] [tid:873403] tracker out: 8
[04-27 17:01:00.042] [info] [tid:873403] tracker out: 8
[04-27 17:01:00.056] [info] [tid:873403] tracker out: 9
[04-27 17:01:00.082] [info] [tid:873403] tracker out: 9
[04-27 17:01:00.096] [info] [tid:873403] tracker out: 9
[04-27 17:01:00.221] [info] [tid:873403] tracker out: 9
[04-27 17:01:00.235] [info] [tid:873403] tracker out: 9
[04-27 17:01:00.239] [info] [tid:873403] tracker out: 9
[04-27 17:01:00.341] [info] [tid:873403] tracker out: 9
[04-27 17:01:00.345] [info] [tid:873403] tracker out: 9
[04-27 17:01:00.370] [info] [tid:873403] tracker out: 9
[04-27 17:01:00.373] [info] [tid:873403] tracker out: 8
[04-27 17:01:00.497] [info] [tid:873403] tracker out: 8
[04-27 17:01:00.511] [info] [tid:873403] tracker out: 8
[04-27 17:01:00.525] [info] [tid:873403] tracker out: 8
[04-27 17:01:00.539] [info] [tid:873403] tracker out: 8
[04-27 17:01:00.663] [info] [tid:873403] tracker out: 8
[04-27 17:01:00.677] [info] [tid:873403] tracker out: 8
[04-27 17:01:00.680] [info] [tid:873403] tracker out: 8
[04-27 17:01:00.694] [info] [tid:873403] tracker out: 8
[04-27 17:01:00.807] [info] [tid:873403] tracker out: 8
[04-27 17:01:00.821] [info] [tid:873403] tracker out: 8
[04-27 17:01:00.858] [info] [tid:873403] tracker out: 8
[04-27 17:01:00.872] [info] [tid:873403] tracker out: 8
[04-27 17:01:00.974] [info] [tid:873403] tracker out: 7
[04-27 17:01:00.988] [info] [tid:873403] tracker out: 7
[04-27 17:01:01.002] [info] [tid:873403] tracker out: 7
[04-27 17:01:01.005] [info] [tid:873403] tracker out: 7
[04-27 17:01:01.140] [info] [tid:873403] tracker out: 7
[04-27 17:01:01.144] [info] [tid:873403] tracker out: 7
[04-27 17:01:01.180] [info] [tid:873403] tracker out: 7
[04-27 17:01:01.183] [info] [tid:873403] tracker out: 7
[04-27 17:01:01.307] [info] [tid:873403] tracker out: 7
[04-27 17:01:01.310] [info] [tid:873403] tracker out: 7
[04-27 17:01:01.324] [info] [tid:873403] tracker out: 7
[04-27 17:01:01.327] [info] [tid:873403] tracker out: 7
[04-27 17:01:01.451] [info] [tid:873403] tracker out: 7
[04-27 17:01:01.454] [info] [tid:873403] tracker out: 7
[04-27 17:01:01.490] [info] [tid:873403] tracker out: 7
[04-27 17:01:01.504] [info] [tid:873403] tracker out: 7
[04-27 17:01:01.617] [info] [tid:873403] tracker out: 7
[04-27 17:01:01.631] [info] [tid:873403] tracker out: 7
[04-27 17:01:01.634] [info] [tid:873403] tracker out: 8
[04-27 17:01:01.648] [info] [tid:873403] tracker out: 8
[04-27 17:01:01.761] [info] [tid:873403] tracker out: 8
[04-27 17:01:01.775] [info] [tid:873403] tracker out: 8
[04-27 17:01:01.811] [info] [tid:873403] tracker out: 7
[04-27 17:01:01.825] [info] [tid:873403] tracker out: 7
[04-27 17:01:01.938] [info] [tid:873403] tracker out: 7
[04-27 17:01:01.952] [info] [tid:873403] tracker out: 7
[04-27 17:01:01.966] [info] [tid:873403] tracker out: 7
[04-27 17:01:01.969] [info] [tid:873403] tracker out: 7
[04-27 17:01:02.093] [info] [tid:873403] tracker out: 7
[04-27 17:01:02.096] [info] [tid:873403] tracker out: 7
[04-27 17:01:02.132] [info] [tid:873403] tracker out: 6
[04-27 17:01:02.135] [info] [tid:873403] tracker out: 6
[04-27 17:01:02.270] [info] [tid:873403] tracker out: 6
[04-27 17:01:02.273] [info] [tid:873403] tracker out: 6
[04-27 17:01:02.287] [info] [tid:873403] tracker out: 7
[04-27 17:01:02.291] [info] [tid:873403] tracker out: 7
[04-27 17:01:02.426] [info] [tid:873403] tracker out: 7
[04-27 17:01:02.429] [info] [tid:873403] tracker out: 7
[04-27 17:01:02.443] [info] [tid:873403] tracker out: 7
[04-27 17:01:02.457] [info] [tid:873403] tracker out: 7
[04-27 17:01:02.592] [info] [tid:873403] tracker out: 7
[04-27 17:01:02.606] [info] [tid:873403] tracker out: 6
[04-27 17:01:02.609] [info] [tid:873403] tracker out: 6
[04-27 17:01:02.623] [info] [tid:873403] tracker out: 6
[04-27 17:01:02.725] [info] [tid:873403] tracker out: 5
[04-27 17:01:02.739] [info] [tid:873403] tracker out: 5
[04-27 17:01:02.775] [info] [tid:873403] tracker out: 5
[04-27 17:01:02.789] [info] [tid:873403] tracker out: 5
[04-27 17:01:02.902] [info] [tid:873403] tracker out: 5
[04-27 17:01:02.916] [info] [tid:873403] tracker out: 5
[04-27 17:01:02.919] [info] [tid:873403] tracker out: 5
[04-27 17:01:02.933] [info] [tid:873403] tracker out: 7
[04-27 17:01:03.058] [info] [tid:873403] tracker out: 7
[04-27 17:01:03.072] [info] [tid:873403] tracker out: 7
[04-27 17:01:03.097] [info] [tid:873403] tracker out: 7
[04-27 17:01:03.100] [info] [tid:873403] tracker out: 7
[04-27 17:01:03.224] [info] [tid:873403] tracker out: 7
[04-27 17:01:03.227] [info] [tid:873403] tracker out: 7
[04-27 17:01:03.252] [info] [tid:873403] tracker out: 7
[04-27 17:01:03.256] [info] [tid:873403] tracker out: 7
[04-27 17:01:03.380] [info] [tid:873403] tracker out: 7
[04-27 17:01:03.383] [info] [tid:873403] tracker out: 7
[04-27 17:01:03.408] [info] [tid:873403] tracker out: 7
[04-27 17:01:03.411] [info] [tid:873403] tracker out: 7
[04-27 17:01:03.535] [info] [tid:873403] tracker out: 7
[04-27 17:01:03.538] [info] [tid:873403] tracker out: 7
[04-27 17:01:03.563] [info] [tid:873403] tracker out: 6
[04-27 17:01:03.577] [info] [tid:873403] tracker out: 6
[04-27 17:01:03.690] [info] [tid:873403] tracker out: 6
[04-27 17:01:03.704] [info] [tid:873403] tracker out: 6
[04-27 17:01:03.729] [info] [tid:873403] tracker out: 6
[04-27 17:01:03.743] [info] [tid:873403] tracker out: 6
[04-27 17:01:03.856] [info] [tid:873403] tracker out: 6
[04-27 17:01:03.870] [info] [tid:873403] tracker out: 6
[04-27 17:01:03.873] [info] [tid:873403] tracker out: 7
[04-27 17:01:03.887] [info] [tid:873403] tracker out: 7
[04-27 17:01:04.000] [info] [tid:873403] tracker out: 7
[04-27 17:01:04.014] [info] [tid:873403] tracker out: 7
[04-27 17:01:04.061] [info] [tid:873403] tracker out: 7
[04-27 17:01:04.064] [info] [tid:873403] tracker out: 6
[04-27 17:01:04.188] [info] [tid:873403] tracker out: 6
[04-27 17:01:04.191] [info] [tid:873403] tracker out: 6
[04-27 17:01:04.205] [info] [tid:873403] tracker out: 6
[04-27 17:01:04.208] [info] [tid:873403] tracker out: 6
[04-27 17:01:04.343] [info] [tid:873403] tracker out: 6
[04-27 17:01:04.346] [info] [tid:873403] tracker out: 6
[04-27 17:01:04.382] [info] [tid:873403] tracker out: 6
[04-27 17:01:04.385] [info] [tid:873403] tracker out: 6
[04-27 17:01:04.509] [info] [tid:873403] tracker out: 7
[04-27 17:01:04.512] [info] [tid:873403] tracker out: 7
[04-27 17:01:04.526] [info] [tid:873403] tracker out: 7
[04-27 17:01:04.529] [info] [tid:873403] tracker out: 7
[04-27 17:01:04.653] [info] [tid:873403] tracker out: 7
[04-27 17:01:04.667] [info] [tid:873403] tracker out: 7
[04-27 17:01:04.692] [info] [tid:873403] tracker out: 7
[04-27 17:01:04.706] [info] [tid:873403] tracker out: 7
[04-27 17:01:04.830] [info] [tid:873403] tracker out: 7
[04-27 17:01:04.844] [info] [tid:873403] tracker out: 7
[04-27 17:01:04.847] [info] [tid:873403] tracker out: 7
[04-27 17:01:04.861] [info] [tid:873403] tracker out: 7
[04-27 17:01:04.963] [info] [tid:873403] tracker out: 7
[04-27 17:01:04.977] [info] [tid:873403] tracker out: 8
[04-27 17:01:05.013] [info] [tid:873403] tracker out: 8
[04-27 17:01:05.027] [info] [tid:873403] tracker out: 8
[04-27 17:01:05.140] [info] [tid:873403] tracker out: 8
[04-27 17:01:05.155] [info] [tid:873403] tracker out: 8
[04-27 17:01:05.158] [info] [tid:873403] tracker out: 8
[04-27 17:01:05.172] [info] [tid:873403] tracker out: 8
[04-27 17:01:05.274] [info] [tid:873403] tracker out: 8
[04-27 17:01:05.288] [info] [tid:873403] tracker out: 8
[04-27 17:01:05.335] [info] [tid:873403] tracker out: 8
[04-27 17:01:05.338] [info] [tid:873403] tracker out: 8
[04-27 17:01:05.462] [info] [tid:873403] tracker out: 8
[04-27 17:01:05.465] [info] [tid:873403] tracker out: 8
[04-27 17:01:05.490] [info] [tid:873403] tracker out: 7
[04-27 17:01:05.493] [info] [tid:873403] tracker out: 7
[04-27 17:01:05.606] [info] [tid:873403] tracker out: 7
[04-27 17:01:05.609] [info] [tid:873403] tracker out: 7
[04-27 17:01:05.645] [info] [tid:873403] tracker out: 7
[04-27 17:01:05.648] [info] [tid:873403] tracker out: 8
[04-27 17:01:05.783] [info] [tid:873403] tracker out: 8
[04-27 17:01:05.786] [info] [tid:873403] tracker out: 8
[04-27 17:01:05.800] [info] [tid:873403] tracker out: 8
[04-27 17:01:05.814] [info] [tid:873403] tracker out: 8
[04-27 17:01:05.927] [info] [tid:873403] tracker out: 8
[04-27 17:01:05.941] [info] [tid:873403] tracker out: 8
[04-27 17:01:05.966] [info] [tid:873403] tracker out: 8
[04-27 17:01:05.980] [info] [tid:873403] tracker out: 8
[04-27 17:01:06.104] [info] [tid:873403] tracker out: 9
[04-27 17:01:06.118] [info] [tid:873403] tracker out: 9
[04-27 17:01:06.132] [info] [tid:873403] tracker out: 9
[04-27 17:01:06.146] [info] [tid:873403] tracker out: 9
[04-27 17:01:06.259] [info] [tid:873403] tracker out: 8
[04-27 17:01:06.273] [info] [tid:873403] tracker out: 8
[04-27 17:01:06.287] [info] [tid:873403] tracker out: 8
[04-27 17:01:06.301] [info] [tid:873403] tracker out: 7
[04-27 17:01:06.425] [info] [tid:873403] tracker out: 7
[04-27 17:01:06.428] [info] [tid:873403] tracker out: 7
[04-27 17:01:06.453] [info] [tid:873403] tracker out: 7
[04-27 17:01:06.456] [info] [tid:873403] tracker out: 7
[04-27 17:01:06.580] [info] [tid:873403] tracker out: 7
[04-27 17:01:06.583] [info] [tid:873403] tracker out: 7
[04-27 17:01:06.630] [info] [tid:873403] tracker out: 7
[04-27 17:01:06.633] [info] [tid:873403] tracker out: 6
[04-27 17:01:06.746] [info] [tid:873403] tracker out: 6
[04-27 17:01:06.749] [info] [tid:873403] tracker out: 6
[04-27 17:01:06.763] [info] [tid:873403] tracker out: 6
[04-27 17:01:06.777] [info] [tid:873403] tracker out: 6
[04-27 17:01:06.890] [info] [tid:873403] tracker out: 6
[04-27 17:01:06.904] [info] [tid:873403] tracker out: 6
[04-27 17:01:06.940] [info] [tid:873403] tracker out: 6
[04-27 17:01:06.954] [info] [tid:873403] tracker out: 6
[04-27 17:01:07.067] [info] [tid:873403] tracker out: 7
[04-27 17:01:07.081] [info] [tid:873403] tracker out: 7
[04-27 17:01:07.095] [info] [tid:873403] tracker out: 7
[04-27 17:01:07.098] [info] [tid:873403] tracker out: 7
[04-27 17:01:07.211] [info] [tid:873403] tracker out: 7
[04-27 17:01:07.214] [info] [tid:873403] tracker out: 7
[04-27 17:01:07.261] [info] [tid:873403] tracker out: 8
[04-27 17:01:07.264] [info] [tid:873403] tracker out: 8
[04-27 17:01:07.388] [info] [tid:873403] tracker out: 8
[04-27 17:01:07.391] [info] [tid:873403] tracker out: 8
[04-27 17:01:07.405] [info] [tid:873403] tracker out: 8
[04-27 17:01:07.408] [info] [tid:873403] tracker out: 8
[04-27 17:01:07.532] [info] [tid:873403] tracker out: 8
[04-27 17:01:07.546] [info] [tid:873403] tracker out: 7
[04-27 17:01:07.571] [info] [tid:873403] tracker out: 7
[04-27 17:01:07.585] [info] [tid:873403] tracker out: 7
[04-27 17:01:07.698] [info] [tid:873403] tracker out: 7
[04-27 17:01:07.712] [info] [tid:873403] tracker out: 7
[04-27 17:01:07.726] [info] [tid:873403] tracker out: 7
[04-27 17:01:07.740] [info] [tid:873403] tracker out: 6
[04-27 17:01:07.842] [info] [tid:873403] tracker out: 6
[04-27 17:01:07.856] [info] [tid:873403] tracker out: 6
[04-27 17:01:07.892] [info] [tid:873403] tracker out: 6
[04-27 17:01:07.906] [info] [tid:873403] tracker out: 6
[04-27 17:01:08.019] [info] [tid:873403] tracker out: 7
[04-27 17:01:08.022] [info] [tid:873403] tracker out: 7
[04-27 17:01:08.047] [info] [tid:873403] tracker out: 7
[04-27 17:01:08.050] [info] [tid:873403] tracker out: 7
[04-27 17:01:08.174] [info] [tid:873403] tracker out: 7
[04-27 17:01:08.177] [info] [tid:873403] tracker out: 7
[04-27 17:01:08.213] [info] [tid:873403] tracker out: 6
[04-27 17:01:08.216] [info] [tid:873403] tracker out: 6
[04-27 17:01:08.340] [info] [tid:873403] tracker out: 6
[04-27 17:01:08.343] [info] [tid:873403] tracker out: 6
[04-27 17:01:08.368] [info] [tid:873403] tracker out: 6
[04-27 17:01:08.371] [info] [tid:873403] tracker out: 5
[04-27 17:01:08.495] [info] [tid:873403] tracker out: 5
[04-27 17:01:08.498] [info] [tid:873403] tracker out: 5
[04-27 17:01:08.523] [info] [tid:873403] tracker out: 5
[04-27 17:01:08.537] [info] [tid:873403] tracker out: 5
[04-27 17:01:08.661] [info] [tid:873403] tracker out: 5
[04-27 17:01:08.675] [info] [tid:873403] tracker out: 5
[04-27 17:01:08.678] [info] [tid:873403] tracker out: 5
[04-27 17:01:08.769] [info] [tid:873403] tracker out: 6
[04-27 17:01:08.772] [info] [tid:873403] tracker out: 6
[04-27 17:01:08.819] [info] [tid:873403] tracker out: 7
[04-27 17:01:08.822] [info] [tid:873403] tracker out: 7
[04-27 17:01:08.935] [info] [tid:873403] tracker out: 7
[04-27 17:01:08.938] [info] [tid:873403] tracker out: 7
[04-27 17:01:08.985] [info] [tid:873403] tracker out: 7
[04-27 17:01:08.988] [info] [tid:873403] tracker out: 7
[04-27 17:01:09.101] [info] [tid:873403] tracker out: 7
[04-27 17:01:09.104] [info] [tid:873403] tracker out: 7
[04-27 17:01:09.140] [info] [tid:873403] tracker out: 6
[04-27 17:01:09.143] [info] [tid:873403] tracker out: 6
[04-27 17:01:09.267] [info] [tid:873403] tracker out: 6
[04-27 17:01:09.270] [info] [tid:873403] tracker out: 6
[04-27 17:01:09.317] [info] [tid:873403] tracker out: 6
[04-27 17:01:09.320] [info] [tid:873403] tracker out: 6
[04-27 17:01:09.422] [info] [tid:873403] tracker out: 5
[04-27 17:01:09.425] [info] [tid:873403] tracker out: 5
[04-27 17:01:09.450] [info] [tid:873403] tracker out: 5
[04-27 17:01:09.453] [info] [tid:873403] tracker out: 5
[04-27 17:01:09.577] [info] [tid:873403] tracker out: 5
[04-27 17:01:09.580] [info] [tid:873403] tracker out: 5
[04-27 17:01:09.616] [info] [tid:873403] tracker out: 5
[04-27 17:01:09.630] [info] [tid:873403] tracker out: 5
[04-27 17:01:09.721] [info] [tid:873403] tracker out: 5
[04-27 17:01:09.735] [info] [tid:873403] tracker out: 5
[04-27 17:01:09.771] [info] [tid:873403] tracker out: 5
[04-27 17:01:09.785] [info] [tid:873403] tracker out: 5
[04-27 17:01:09.898] [info] [tid:873403] tracker out: 5
[04-27 17:01:09.912] [info] [tid:873403] tracker out: 5
[04-27 17:01:09.937] [info] [tid:873403] tracker out: 5
[04-27 17:01:09.951] [info] [tid:873403] tracker out: 5
[04-27 17:01:10.042] [info] [tid:873403] tracker out: 5
[04-27 17:01:10.056] [info] [tid:873403] tracker out: 5
[04-27 17:01:10.092] [info] [tid:873403] tracker out: 4
[04-27 17:01:10.106] [info] [tid:873403] tracker out: 4
[04-27 17:01:10.218] [info] [tid:873403] tracker out: 4
[04-27 17:01:10.231] [info] [tid:873403] tracker out: 4
[04-27 17:01:10.256] [info] [tid:873403] tracker out: 4
[04-27 17:01:10.270] [info] [tid:873403] tracker out: 4
[04-27 17:01:10.371] [info] [tid:873403] tracker out: 5
[04-27 17:01:10.385] [info] [tid:873403] tracker out: 5
[04-27 17:01:10.410] [info] [tid:873403] tracker out: 6
[04-27 17:01:10.413] [info] [tid:873403] tracker out: 6
[04-27 17:01:10.537] [info] [tid:873403] tracker out: 6
[04-27 17:01:10.540] [info] [tid:873403] tracker out: 6
[04-27 17:01:10.587] [info] [tid:873403] tracker out: 5
[04-27 17:01:10.590] [info] [tid:873403] tracker out: 5
[04-27 17:01:10.692] [info] [tid:873403] tracker out: 6
[04-27 17:01:10.695] [info] [tid:873403] tracker out: 6
[04-27 17:01:10.742] [info] [tid:873403] tracker out: 6
[04-27 17:01:10.745] [info] [tid:873403] tracker out: 6
[04-27 17:01:10.869] [info] [tid:873403] tracker out: 6
[04-27 17:01:10.872] [info] [tid:873403] tracker out: 6
[04-27 17:01:10.897] [info] [tid:873403] tracker out: 6
[04-27 17:01:10.911] [info] [tid:873403] tracker out: 6
[04-27 17:01:11.002] [info] [tid:873403] tracker out: 6
[04-27 17:01:11.016] [info] [tid:873403] tracker out: 6
[04-27 17:01:11.052] [info] [tid:873403] tracker out: 6
[04-27 17:01:11.066] [info] [tid:873403] tracker out: 6
[04-27 17:01:11.179] [info] [tid:873403] tracker out: 6
[04-27 17:01:11.193] [info] [tid:873403] tracker out: 6
[04-27 17:01:11.229] [info] [tid:873403] tracker out: 6
[04-27 17:01:11.243] [info] [tid:873403] tracker out: 6
[04-27 17:01:11.334] [info] [tid:873403] tracker out: 6
[04-27 17:01:11.337] [info] [tid:873403] tracker out: 6
[04-27 17:01:11.373] [info] [tid:873403] tracker out: 6
[04-27 17:01:11.376] [info] [tid:873403] tracker out: 6
[04-27 17:01:11.511] [info] [tid:873403] tracker out: 6
[04-27 17:01:11.514] [info] [tid:873403] tracker out: 6
[04-27 17:01:11.550] [info] [tid:873403] tracker out: 6
[04-27 17:01:11.553] [info] [tid:873403] tracker out: 6
[04-27 17:01:11.655] [info] [tid:873403] tracker out: 6
[04-27 17:01:11.658] [info] [tid:873403] tracker out: 6
[04-27 17:01:11.705] [info] [tid:873403] tracker out: 6
[04-27 17:01:11.708] [info] [tid:873403] tracker out: 6
[04-27 17:01:11.821] [info] [tid:873403] tracker out: 6
[04-27 17:01:11.835] [info] [tid:873403] tracker out: 6
[04-27 17:01:11.860] [info] [tid:873403] tracker out: 6
[04-27 17:01:11.874] [info] [tid:873403] tracker out: 6
[04-27 17:01:11.965] [info] [tid:873403] tracker out: 5
[04-27 17:01:11.979] [info] [tid:873403] tracker out: 5
[04-27 17:01:12.015] [info] [tid:873403] tracker out: 5
[04-27 17:01:12.029] [info] [tid:873403] tracker out: 6
[04-27 17:01:12.142] [info] [tid:873403] tracker out: 6
[04-27 17:01:12.156] [info] [tid:873403] tracker out: 6
[04-27 17:01:12.181] [info] [tid:873403] tracker out: 6
[04-27 17:01:12.195] [info] [tid:873403] tracker out: 6
[04-27 17:01:12.286] [info] [tid:873403] tracker out: 6
[04-27 17:01:12.300] [info] [tid:873403] tracker out: 6
[04-27 17:01:12.369] [info] [tid:873403] tracker out: 6
[04-27 17:01:12.383] [info] [tid:873403] tracker out: 6
[04-27 17:01:12.419] [info] [tid:873403] tracker out: 6
[04-27 17:01:12.433] [info] [tid:873403] tracker out: 6
[04-27 17:01:12.436] [info] [tid:873403] tracker out: 6
[04-27 17:01:12.571] [info] [tid:873403] tracker out: 6
[04-27 17:01:12.607] [info] [tid:873403] tracker out: 6
[04-27 17:01:12.654] [info] [tid:873403] tracker out: 6
[04-27 17:01:12.657] [info] [tid:873403] tracker out: 6
[04-27 17:01:12.693] [info] [tid:873403] tracker out: 6
[04-27 17:01:12.696] [info] [tid:873403] tracker out: 6
[04-27 17:01:12.831] [info] [tid:873403] tracker out: 6
[04-27 17:01:12.834] [info] [tid:873403] tracker out: 6
[04-27 17:01:12.848] [info] [tid:873403] tracker out: 6
[04-27 17:01:12.851] [info] [tid:873403] tracker out: 6
[04-27 17:01:12.964] [info] [tid:873403] tracker out: 6
[04-27 17:01:12.967] [info] [tid:873403] tracker out: 6
[04-27 17:01:13.014] [info] [tid:873403] tracker out: 6
[04-27 17:01:13.017] [info] [tid:873403] tracker out: 6
[04-27 17:01:13.152] [info] [tid:873403] tracker out: 6
[04-27 17:01:13.166] [info] [tid:873403] tracker out: 6
[04-27 17:01:13.169] [info] [tid:873403] tracker out: 6
[04-27 17:01:13.183] [info] [tid:873403] tracker out: 6
[04-27 17:01:13.296] [info] [tid:873403] tracker out: 6
[04-27 17:01:13.310] [info] [tid:873403] tracker out: 6
[04-27 17:01:13.335] [info] [tid:873403] tracker out: 6
[04-27 17:01:13.349] [info] [tid:873403] tracker out: 6
[04-27 17:01:13.462] [info] [tid:873403] tracker out: 6
[04-27 17:01:13.476] [info] [tid:873403] tracker out: 7
[04-27 17:01:13.479] [info] [tid:873403] tracker out: 7
[04-27 17:01:13.493] [info] [tid:873403] tracker out: 7
[04-27 17:01:13.606] [info] [tid:873403] tracker out: 7
[04-27 17:01:13.620] [info] [tid:873403] tracker out: 7
[04-27 17:01:13.656] [info] [tid:873403] tracker out: 6
[04-27 17:01:13.670] [info] [tid:873403] tracker out: 6
[04-27 17:01:13.772] [info] [tid:873403] tracker out: 6
[04-27 17:01:13.786] [info] [tid:873403] tracker out: 6
[04-27 17:01:13.811] [info] [tid:873403] tracker out: 6
[04-27 17:01:13.814] [info] [tid:873403] tracker out: 6
[04-27 17:01:13.927] [info] [tid:873403] tracker out: 6
[04-27 17:01:13.941] [info] [tid:873403] tracker out: 6
[04-27 17:01:13.966] [info] [tid:873403] tracker out: 6
[04-27 17:01:13.980] [info] [tid:873403] tracker out: 6
[04-27 17:01:14.093] [info] [tid:873403] tracker out: 6
[04-27 17:01:14.107] [info] [tid:873403] tracker out: 6
[04-27 17:01:14.121] [info] [tid:873403] tracker out: 6
[04-27 17:01:14.135] [info] [tid:873403] tracker out: 6
[04-27 17:01:14.248] [info] [tid:873403] tracker out: 6
[04-27 17:01:14.262] [info] [tid:873403] tracker out: 6
[04-27 17:01:14.287] [info] [tid:873403] tracker out: 6
[04-27 17:01:14.290] [info] [tid:873403] tracker out: 6
[04-27 17:01:14.425] [info] [tid:873403] tracker out: 7
[04-27 17:01:14.428] [info] [tid:873403] tracker out: 7
[04-27 17:01:14.442] [info] [tid:873403] tracker out: 7
[04-27 17:01:14.445] [info] [tid:873403] tracker out: 7
[04-27 17:01:14.569] [info] [tid:873403] tracker out: 7
[04-27 17:01:14.572] [info] [tid:873403] tracker out: 7
[04-27 17:01:14.586] [info] [tid:873403] tracker out: 7
[04-27 17:01:14.699] [info] [tid:873403] tracker out: 7
[04-27 17:01:14.713] [info] [tid:873403] tracker out: 7
[04-27 17:01:14.738] [info] [tid:873403] tracker out: 6
[04-27 17:01:14.741] [info] [tid:873403] tracker out: 6
[04-27 17:01:14.843] [info] [tid:873403] tracker out: 6
[04-27 17:01:14.846] [info] [tid:873403] tracker out: 6
[04-27 17:01:14.893] [info] [tid:873403] tracker out: 6
[04-27 17:01:14.896] [info] [tid:873403] tracker out: 6
[04-27 17:01:15.020] [info] [tid:873403] tracker out: 6
[04-27 17:01:15.023] [info] [tid:873403] tracker out: 6
[04-27 17:01:15.059] [info] [tid:873403] tracker out: 6
[04-27 17:01:15.062] [info] [tid:873403] tracker out: 6
[04-27 17:01:15.175] [info] [tid:873403] tracker out: 6
[04-27 17:01:15.178] [info] [tid:873403] tracker out: 6
[04-27 17:01:15.214] [info] [tid:873403] tracker out: 6
[04-27 17:01:15.228] [info] [tid:873403] tracker out: 6
[04-27 17:01:15.341] [info] [tid:873403] tracker out: 6
[04-27 17:01:15.355] [info] [tid:873403] tracker out: 6
[04-27 17:01:15.380] [info] [tid:873403] tracker out: 6
[04-27 17:01:15.394] [info] [tid:873403] tracker out: 6
[04-27 17:01:15.485] [info] [tid:873403] tracker out: 6
[04-27 17:01:15.499] [info] [tid:873403] tracker out: 6
[04-27 17:01:15.535] [info] [tid:873403] tracker out: 6
[04-27 17:01:15.549] [info] [tid:873403] tracker out: 6
[04-27 17:01:15.662] [info] [tid:873403] tracker out: 6
[04-27 17:01:15.665] [info] [tid:873403] tracker out: 6
[04-27 17:01:15.701] [info] [tid:873403] tracker out: 6
[04-27 17:01:15.704] [info] [tid:873403] tracker out: 6
[04-27 17:01:15.817] [info] [tid:873403] tracker out: 6
[04-27 17:01:15.820] [info] [tid:873403] tracker out: 6
[04-27 17:01:15.856] [info] [tid:873403] tracker out: 6
[04-27 17:01:15.859] [info] [tid:873403] tracker out: 6
[04-27 17:01:15.983] [info] [tid:873403] tracker out: 6
[04-27 17:01:15.986] [info] [tid:873403] tracker out: 7
[04-27 17:01:16.033] [info] [tid:873403] tracker out: 7
[04-27 17:01:16.036] [info] [tid:873403] tracker out: 7
[04-27 17:01:16.127] [info] [tid:873403] tracker out: 7
[04-27 17:01:16.141] [info] [tid:873403] tracker out: 7
[04-27 17:01:16.166] [info] [tid:873403] tracker out: 7
[04-27 17:01:16.180] [info] [tid:873403] tracker out: 7
[04-27 17:01:16.294] [info] [tid:873403] tracker out: 7
[04-27 17:01:16.308] [info] [tid:873403] tracker out: 7
[04-27 17:01:16.345] [info] [tid:873403] tracker out: 7
[04-27 17:01:16.348] [info] [tid:873403] tracker out: 7
[04-27 17:01:16.450] [info] [tid:873403] tracker out: 7
[04-27 17:01:16.453] [info] [tid:873403] tracker out: 7
[04-27 17:01:16.489] [info] [tid:873403] tracker out: 7
[04-27 17:01:16.492] [info] [tid:873403] tracker out: 6
[04-27 17:01:16.627] [info] [tid:873403] tracker out: 6
[04-27 17:01:16.630] [info] [tid:873403] tracker out: 6
[04-27 17:01:16.644] [info] [tid:873403] tracker out: 6
[04-27 17:01:16.724] [info] [tid:873403] tracker out: 6
[04-27 17:01:16.738] [info] [tid:873403] tracker out: 6
[04-27 17:01:16.774] [info] [tid:873403] tracker out: 6
[04-27 17:01:16.788] [info] [tid:873403] tracker out: 6
[04-27 17:01:16.890] [info] [tid:873403] tracker out: 6
[04-27 17:01:16.915] [info] [tid:873403] tracker out: 6
[04-27 17:01:16.940] [info] [tid:873403] tracker out: 6
[04-27 17:01:16.954] [info] [tid:873403] tracker out: 6
[04-27 17:01:17.034] [info] [tid:873403] tracker out: 5
[04-27 17:01:17.048] [info] [tid:873403] tracker out: 6
[04-27 17:01:17.084] [info] [tid:873403] tracker out: 6
[04-27 17:01:17.087] [info] [tid:873403] tracker out: 6
[04-27 17:01:17.211] [info] [tid:873403] tracker out: 6
[04-27 17:01:17.214] [info] [tid:873403] tracker out: 6
[04-27 17:01:17.250] [info] [tid:873403] tracker out: 6
[04-27 17:01:17.253] [info] [tid:873403] tracker out: 6
[04-27 17:01:17.377] [info] [tid:873403] tracker out: 6
[04-27 17:01:17.380] [info] [tid:873403] tracker out: 6
[04-27 17:01:17.416] [info] [tid:873403] tracker out: 6
[04-27 17:01:17.419] [info] [tid:873403] tracker out: 6
[04-27 17:01:17.543] [info] [tid:873403] tracker out: 6
[04-27 17:01:17.546] [info] [tid:873403] tracker out: 6
[04-27 17:01:17.582] [info] [tid:873403] tracker out: 7
[04-27 17:01:17.585] [info] [tid:873403] tracker out: 7
[04-27 17:01:17.676] [info] [tid:873403] tracker out: 7
[04-27 17:01:17.690] [info] [tid:873403] tracker out: 7
[04-27 17:01:17.726] [info] [tid:873403] tracker out: 7
[04-27 17:01:17.740] [info] [tid:873403] tracker out: 7
[04-27 17:01:17.853] [info] [tid:873403] tracker out: 7
[04-27 17:01:17.867] [info] [tid:873403] tracker out: 7
[04-27 17:01:17.903] [info] [tid:873403] tracker out: 7
[04-27 17:01:17.917] [info] [tid:873403] tracker out: 7
[04-27 17:01:18.008] [info] [tid:873403] tracker out: 7
[04-27 17:01:18.022] [info] [tid:873403] tracker out: 7
[04-27 17:01:18.025] [info] [tid:873403] tracker out: 7
[04-27 17:01:18.138] [info] [tid:873403] tracker out: 7
[04-27 17:01:18.141] [info] [tid:873403] tracker out: 6
[04-27 17:01:18.188] [info] [tid:873403] tracker out: 5
[04-27 17:01:18.190] [info] [tid:873403] tracker out: 5
[04-27 17:01:18.291] [info] [tid:873403] tracker out: 5
[04-27 17:01:18.293] [info] [tid:873403] tracker out: 5
[04-27 17:01:18.317] [info] [tid:873403] tracker out: 5
[04-27 17:01:18.330] [info] [tid:873403] tracker out: 5
[04-27 17:01:18.453] [info] [tid:873403] tracker out: 5
[04-27 17:01:18.456] [info] [tid:873403] tracker out: 5
[04-27 17:01:18.491] [info] [tid:873403] tracker out: 5
[04-27 17:01:18.493] [info] [tid:873403] tracker out: 6
[04-27 17:01:18.595] [info] [tid:873403] tracker out: 6
[04-27 17:01:18.598] [info] [tid:873403] tracker out: 5
[04-27 17:01:18.645] [info] [tid:873403] tracker out: 5
[04-27 17:01:18.648] [info] [tid:873403] tracker out: 5
[04-27 17:01:18.771] [info] [tid:873403] tracker out: 5
[04-27 17:01:18.774] [info] [tid:873403] tracker out: 5
[04-27 17:01:18.809] [info] [tid:873403] tracker out: 5
[04-27 17:01:18.812] [info] [tid:873403] tracker out: 5
[04-27 17:01:18.903] [info] [tid:873403] tracker out: 5
[04-27 17:01:18.906] [info] [tid:873403] tracker out: 5
[04-27 17:01:18.919] [info] [tid:873403] tracker out: 5
[04-27 17:01:18.922] [info] [tid:873403] tracker out: 5
[04-27 17:01:18.935] [info] [tid:873403] tracker out: 5
[04-27 17:01:19.048] [info] [tid:873403] tracker out: 5
[04-27 17:01:19.062] [info] [tid:873403] tracker out: 5
[04-27 17:01:19.098] [info] [tid:873403] tracker out: 9
[04-27 17:01:19.113] [info] [tid:873403] tracker out: 7
[04-27 17:01:19.227] [info] [tid:873403] tracker out: 7
[04-27 17:01:19.241] [info] [tid:873403] tracker out: 8
[04-27 17:01:19.255] [info] [tid:873403] tracker out: 8
[04-27 17:01:19.270] [info] [tid:873403] tracker out: 8
[04-27 17:01:19.372] [info] [tid:873403] tracker out: 7
[04-27 17:01:19.386] [info] [tid:873403] tracker out: 7
[04-27 17:01:19.411] [info] [tid:873403] tracker out: 6
[04-27 17:01:19.425] [info] [tid:873403] tracker out: 6
[04-27 17:01:19.538] [info] [tid:873403] tracker out: 6
[04-27 17:01:19.552] [info] [tid:873403] tracker out: 6
[04-27 17:01:19.577] [info] [tid:873403] tracker out: 6
[04-27 17:01:19.580] [info] [tid:873403] tracker out: 6
[04-27 17:01:19.693] [info] [tid:873403] tracker out: 6
[04-27 17:01:19.707] [info] [tid:873403] tracker out: 7
[04-27 17:01:19.743] [info] [tid:873403] tracker out: 7
[04-27 17:01:19.757] [info] [tid:873403] tracker out: 6
[04-27 17:01:19.859] [info] [tid:873403] tracker out: 6
[04-27 17:01:19.884] [info] [tid:873403] tracker out: 6
[04-27 17:01:19.887] [info] [tid:873403] tracker out: 6
[04-27 17:01:19.901] [info] [tid:873403] tracker out: 6
[04-27 17:01:20.014] [info] [tid:873403] tracker out: 6
[04-27 17:01:20.039] [info] [tid:873403] tracker out: 6
[04-27 17:01:20.053] [info] [tid:873403] tracker out: 6
[04-27 17:01:20.067] [info] [tid:873403] tracker out: 6
[04-27 17:01:20.180] [info] [tid:873403] tracker out: 6
[04-27 17:01:20.183] [info] [tid:873403] tracker out: 6
[04-27 17:01:20.208] [info] [tid:873403] tracker out: 6
[04-27 17:01:20.211] [info] [tid:873403] tracker out: 6
[04-27 17:01:20.335] [info] [tid:873403] tracker out: 6
[04-27 17:01:20.338] [info] [tid:873403] tracker out: 6
[04-27 17:01:20.374] [info] [tid:873403] tracker out: 7
[04-27 17:01:20.377] [info] [tid:873403] tracker out: 7
[04-27 17:01:20.501] [info] [tid:873403] tracker out: 7
[04-27 17:01:20.504] [info] [tid:873403] tracker out: 7
[04-27 17:01:20.518] [info] [tid:873403] tracker out: 7
[04-27 17:01:20.532] [info] [tid:873403] tracker out: 7
[04-27 17:01:20.645] [info] [tid:873403] tracker out: 7
[04-27 17:01:20.659] [info] [tid:873403] tracker out: 7
[04-27 17:01:20.695] [info] [tid:873403] tracker out: 7
[04-27 17:01:20.709] [info] [tid:873403] tracker out: 6
[04-27 17:01:20.822] [info] [tid:873403] tracker out: 6
[04-27 17:01:20.836] [info] [tid:873403] tracker out: 6
[04-27 17:01:20.839] [info] [tid:873403] tracker out: 6
[04-27 17:01:20.853] [info] [tid:873403] tracker out: 6
[04-27 17:01:20.977] [info] [tid:873403] tracker out: 6
[04-27 17:01:20.991] [info] [tid:873403] tracker out: 6
[04-27 17:01:21.060] [info] [tid:873403] tracker out: 6
[04-27 17:01:21.074] [info] [tid:873403] tracker out: 5
[04-27 17:01:21.099] [info] [tid:873403] tracker out: 5
[04-27 17:01:21.113] [info] [tid:873403] tracker out: 5
[04-27 17:01:21.204] [info] [tid:873403] tracker out: 5
[04-27 17:01:21.218] [info] [tid:873403] tracker out: 5
[04-27 17:01:21.254] [info] [tid:873403] tracker out: 5
[04-27 17:01:21.257] [info] [tid:873403] tracker out: 6
[04-27 17:01:21.370] [info] [tid:873403] tracker out: 6
[04-27 17:01:21.384] [info] [tid:873403] tracker out: 6
[04-27 17:01:21.420] [info] [tid:873403] tracker out: 6
[04-27 17:01:21.423] [info] [tid:873403] tracker out: 6
[04-27 17:01:21.525] [info] [tid:873403] tracker out: 6
[04-27 17:01:21.528] [info] [tid:873403] tracker out: 7
[04-27 17:01:21.575] [info] [tid:873403] tracker out: 7
[04-27 17:01:21.579] [info] [tid:873403] tracker out: 8
[04-27 17:01:21.704] [info] [tid:873403] tracker out: 8
[04-27 17:01:21.708] [info] [tid:873403] tracker out: 9
[04-27 17:01:21.734] [info] [tid:873403] tracker out: 9
[04-27 17:01:21.738] [info] [tid:873403] tracker out: 9
[04-27 17:01:21.841] [info] [tid:873403] tracker out: 9
[04-27 17:01:21.856] [info] [tid:873403] tracker out: 9
[04-27 17:01:21.882] [info] [tid:873403] tracker out: 9
[04-27 17:01:21.897] [info] [tid:873403] tracker out: 9
[04-27 17:01:22.011] [info] [tid:873403] tracker out: 9
[04-27 17:01:22.026] [info] [tid:873403] tracker out: 9
[04-27 17:01:22.063] [info] [tid:873403] tracker out: 8
[04-27 17:01:22.078] [info] [tid:873403] tracker out: 8
[04-27 17:01:22.159] [info] [tid:873403] tracker out: 8
[04-27 17:01:22.174] [info] [tid:873403] tracker out: 8
[04-27 17:01:22.200] [info] [tid:873403] tracker out: 8
[04-27 17:01:22.215] [info] [tid:873403] tracker out: 9
[04-27 17:01:22.340] [info] [tid:873403] tracker out: 9
[04-27 17:01:22.355] [info] [tid:873403] tracker out: 9
[04-27 17:01:22.381] [info] [tid:873403] tracker out: 9
[04-27 17:01:22.396] [info] [tid:873403] tracker out: 9
[04-27 17:01:22.477] [info] [tid:873403] tracker out: 9
[04-27 17:01:22.492] [info] [tid:873403] tracker out: 9
[04-27 17:01:22.529] [info] [tid:873403] tracker out: 9
[04-27 17:01:22.544] [info] [tid:873403] tracker out: 9
[04-27 17:01:22.647] [info] [tid:873403] tracker out: 9
[04-27 17:01:22.662] [info] [tid:873403] tracker out: 9
[04-27 17:01:22.699] [info] [tid:873403] tracker out: 9
[04-27 17:01:22.714] [info] [tid:873403] tracker out: 9
[04-27 17:01:22.806] [info] [tid:873403] tracker out: 9
[04-27 17:01:22.821] [info] [tid:873403] tracker out: 9
[04-27 17:01:22.836] [info] [tid:873403] tracker out: 9
[04-27 17:01:22.851] [info] [tid:873403] t